,Crude Oil Futures
Contract Month,CL
Jan 2015 (F),12/19/2014
Feb 2015 (G),1/20/2015
Mar 2015 (H),2/20/2015
Apr 2015 (J),3/20/2015
May 2015 (K),4/21/2015
Jun 2015 (M),5/19/2015
Jul 2015 (N),6/22/2015
Aug 2015 (Q),7/21/2015
Sep 2015 (U),8/20/2015
Oct 2015 (V),9/22/2015
Nov 2015 (X),10/20/2015
Dec 2015 (Z),11/20/2015
Jan 2016 (F),12/21/2015
Feb 2016 (G),1/20/2016
Mar 2016 (H),2/22/2016
Apr 2016 (J),3/21/2016
May 2016 (K),4/20/2016
Jun 2016 (M),5/20/2016
Jul 2016 (N),6/21/2016
Aug 2016 (Q),7/20/2016
Sep 2016 (U),8/22/2016
Oct 2016 (V),9/20/2016
Nov 2016 (X),10/20/2016
Dec 2016 (Z),11/21/2016
Jan 2017 (F),12/20/2016
Feb 2017 (G),1/20/2017
Mar 2017 (H),2/21/2017
Apr 2017 (J),3/21/2017
May 2017 (K),4/20/2017
Jun 2017 (M),5/22/2017
Jul 2017 (N),6/20/2017
Aug 2017 (Q),7/20/2017
Sep 2017 (U),8/22/2017
Oct 2017 (V),9/20/2017
Nov 2017 (X),10/20/2017
Dec 2017 (Z),11/20/2017
Jan 2018 (F),12/19/2017
Feb 2018 (G),1/22/2018
Mar 2018 (H),2/20/2018
Apr 2018 (J),3/20/2018
May 2018 (K),4/20/2018
Jun 2018 (M),5/22/2018
Jul 2018 (N),6/20/2018
Aug 2018 (Q),7/20/2018
Sep 2018 (U),8/21/2018
Oct 2018 (V),9/20/2018
Nov 2018 (X),10/22/2018
Dec 2018 (Z),11/19/2018
Jan 2019 (F),12/19/2018
Feb 2019 (G),1/22/2019
Mar 2019 (H),2/20/2019
Apr 2019 (J),3/20/2019
May 2019 (K),4/22/2019
Jun 2019 (M),5/21/2019
Jul 2019 (N),6/20/2019
Aug 2019 (Q),7/22/2019
Sep 2019 (U),8/20/2019
Oct 2019 (V),9/20/2019
Nov 2019 (X),10/22/2019
Dec 2019 (Z),11/20/2019
Jan 2020 (F),12/19/2019
Feb 2020 (G),1/21/2020
Mar 2020 (H),2/20/2020
Apr 2020 (J),3/20/2020
May 2020 (K),4/21/2020
Jun 2020 (M),5/19/2020
Jul 2020 (N),6/22/2020
Aug 2020 (Q),7/21/2020
Sep 2020 (U),8/20/2020
Oct 2020 (V),9/22/2020
Nov 2020 (X),10/20/2020
Dec 2020 (Z),11/20/2020
