Date,CL Spot Price
4/23/2012,102.68
4/24/2012,103.1
4/25/2012,103.72
4/26/2012,104.56
4/27/2012,104.86
4/30/2012,104.89
5/1/2012,106.17
5/2/2012,105.25
5/3/2012,102.56
5/4/2012,98.49
5/7/2012,97.86
5/8/2012,97.13
5/9/2012,96.8
5/10/2012,97.1
5/11/2012,96.03
5/14/2012,94.75
5/15/2012,93.97
5/16/2012,92.78
5/17/2012,92.53
5/18/2012,91.51
5/21/2012,92.57
5/22/2012,91.44
5/23/2012,89.4
5/24/2012,90.36
5/25/2012,90.64
5/29/2012,90.75
5/30/2012,87.79
5/31/2012,86.52
6/1/2012,83.17
6/4/2012,83.95
6/5/2012,84.31
6/6/2012,85.05
6/7/2012,84.78
6/8/2012,84.08
6/11/2012,82.58
6/12/2012,83.35
6/13/2012,82.56
6/14/2012,83.83
6/15/2012,84.03
6/18/2012,83.26
6/19/2012,83.99
6/20/2012,81.06
6/21/2012,77.91
6/22/2012,79.33
6/25/2012,78.76
6/26/2012,79.34
6/27/2012,80.27
6/28/2012,77.72
6/29/2012,85.04
7/2/2012,83.72
7/3/2012,87.74
7/5/2012,87.11
7/6/2012,84.37
7/9/2012,85.93
7/10/2012,83.92
7/11/2012,85.88
7/12/2012,86.02
7/13/2012,87.15
7/16/2012,88.41
7/17/2012,89.07
7/18/2012,89.88
7/19/2012,92.78
7/20/2012,91.56
7/23/2012,87.77
7/24/2012,88.28
7/25/2012,88.8
7/26/2012,89.4
7/27/2012,90.13
7/30/2012,89.8
7/31/2012,88.08
8/1/2012,88.99
8/2/2012,87.22
8/3/2012,91.4
8/6/2012,92.3
8/7/2012,93.68
8/8/2012,93.39
8/9/2012,93.39
8/10/2012,92.94
8/13/2012,92.76
8/14/2012,93.4
8/15/2012,94.35
8/16/2012,95.66
8/17/2012,96
8/20/2012,96.03
8/21/2012,96.55
8/22/2012,96.89
8/23/2012,95.87
8/24/2012,95.78
8/27/2012,95.54
8/28/2012,96.3
8/29/2012,95.5
8/30/2012,94.61
8/31/2012,96.47
9/4/2012,95.34
9/5/2012,95.37
9/6/2012,95.58
9/7/2012,96.41
9/10/2012,96.52
9/11/2012,97.03
9/12/2012,97.02
9/13/2012,98.3
9/14/2012,98.94
9/17/2012,96.51
9/18/2012,95.25
9/19/2012,91.97
9/20/2012,92.14
9/21/2012,92.64
9/24/2012,91.68
9/25/2012,91.07
9/26/2012,89.92
9/27/2012,91.89
9/28/2012,92.18
10/1/2012,92.44
10/2/2012,91.88
10/3/2012,88.19
10/4/2012,91.69
10/5/2012,89.87
10/8/2012,89.43
10/9/2012,92.42
10/10/2012,91.24
10/11/2012,92.19
10/12/2012,91.83
10/15/2012,91.84
10/16/2012,92.07
10/17/2012,92.04
10/18/2012,92
10/19/2012,90
10/22/2012,88.3
10/23/2012,86.65
10/24/2012,85.39
10/25/2012,85.59
10/26/2012,85.84
10/29/2012,85.52
10/30/2012,85.65
10/31/2012,86.23
11/1/2012,87.05
11/2/2012,84.9
11/5/2012,85.64
11/6/2012,88.62
11/7/2012,84.5
11/8/2012,85.07
11/9/2012,86.08
11/12/2012,85.56
11/13/2012,85.38
11/14/2012,86.32
11/15/2012,85.45
11/16/2012,86.62
11/19/2012,89.05
11/20/2012,86.46
11/21/2012,87.08
11/23/2012,87.01
11/26/2012,87.28
11/27/2012,86.81
11/28/2012,86.1
11/29/2012,87.64
11/30/2012,88.54
12/3/2012,88.69
12/4/2012,88.04
12/5/2012,87.36
12/6/2012,85.47
12/7/2012,85.45
12/10/2012,85.14
12/11/2012,85.36
12/12/2012,86.35
12/13/2012,85.39
12/14/2012,86.32
12/17/2012,86.71
12/18/2012,87.46
12/19/2012,89.09
12/20/2012,89.76
12/21/2012,88.2
12/24/2012,88.29
12/26/2012,90.71
12/27/2012,90.91
12/28/2012,90.66
12/31/2012,91.83
1/2/2013,93.14
1/3/2013,92.97
1/4/2013,93.12
1/7/2013,93.2
1/8/2013,93.21
1/9/2013,93.08
1/10/2013,93.81
1/11/2013,93.6
1/14/2013,94.27
1/15/2013,93.26
1/16/2013,94.28
1/17/2013,95.49
1/18/2013,95.61
1/22/2013,96.09
1/23/2013,95.06
1/24/2013,95.35
1/25/2013,95.15
1/28/2013,95.95
1/29/2013,97.62
1/30/2013,97.98
1/31/2013,97.65
2/1/2013,97.46
2/4/2013,96.21
2/5/2013,96.68
2/6/2013,96.44
2/7/2013,95.84
2/8/2013,95.71
2/11/2013,97.01
2/12/2013,97.48
2/13/2013,97.03
2/14/2013,97.3
2/15/2013,95.95
2/19/2013,96.69
2/20/2013,94.92
2/21/2013,92.79
2/22/2013,93.12
2/25/2013,92.74
2/26/2013,92.63
2/27/2013,92.84
2/28/2013,92.03
3/1/2013,90.71
3/4/2013,90.13
3/5/2013,90.88
3/6/2013,90.47
3/7/2013,91.53
3/8/2013,92.01
3/11/2013,92.07
3/12/2013,92.44
3/13/2013,92.47
3/14/2013,93.03
3/15/2013,93.49
3/18/2013,93.71
3/19/2013,92.44
3/20/2013,93.21
3/21/2013,92.46
3/22/2013,93.41
3/25/2013,94.55
3/26/2013,95.99
3/27/2013,96.53
3/28/2013,97.24
4/1/2013,97.1
4/2/2013,97.23
4/3/2013,95.02
4/4/2013,93.26
4/5/2013,92.76
4/8/2013,93.36
4/9/2013,94.18
4/10/2013,94.59
4/11/2013,93.44
4/12/2013,91.23
4/15/2013,88.75
4/16/2013,88.73
4/17/2013,86.65
4/18/2013,87.83
4/19/2013,88.04
4/22/2013,88.81
4/23/2013,89.21
4/24/2013,91.07
4/25/2013,93.27
4/26/2013,92.63
4/29/2013,94.09
4/30/2013,93.22
5/1/2013,90.74
5/2/2013,93.7
5/3/2013,95.25
5/6/2013,95.8
5/7/2013,95.28
5/8/2013,96.24
5/9/2013,96.09
5/10/2013,95.81
5/13/2013,94.76
5/14/2013,93.96
5/15/2013,93.95
5/16/2013,94.85
5/17/2013,95.72
5/20/2013,96.29
5/21/2013,95.55
5/22/2013,93.98
5/23/2013,94.12
5/24/2013,93.84
5/28/2013,94.65
5/29/2013,93.13
5/30/2013,93.57
5/31/2013,91.93
6/3/2013,93.41
6/4/2013,93.36
6/5/2013,93.66
6/6/2013,94.71
6/7/2013,96.11
6/10/2013,95.82
6/11/2013,95.5
6/12/2013,95.98
6/13/2013,96.66
6/14/2013,97.83
6/17/2013,97.86
6/18/2013,98.46
6/19/2013,98.24
6/20/2013,94.89
6/21/2013,93.81
6/24/2013,95.07
6/25/2013,95.25
6/26/2013,95.47
6/27/2013,97
6/28/2013,96.36
7/1/2013,97.94
7/2/2013,99.65
7/3/2013,101.92
7/5/2013,103.09
7/8/2013,103.03
7/9/2013,103.46
7/10/2013,106.41
7/11/2013,104.77
7/12/2013,105.85
7/15/2013,106.2
7/16/2013,105.88
7/17/2013,106.39
7/18/2013,107.94
7/19/2013,108
7/22/2013,106.61
7/23/2013,107.13
7/24/2013,105.41
7/25/2013,105.47
7/26/2013,104.76
7/29/2013,104.61
7/30/2013,103.14
7/31/2013,105.1
8/1/2013,107.93
8/2/2013,106.94
8/5/2013,106.61
8/6/2013,105.32
8/7/2013,104.41
8/8/2013,103.45
8/9/2013,106.04
8/12/2013,106.19
8/13/2013,106.78
8/14/2013,106.89
8/15/2013,107.43
8/16/2013,107.58
8/19/2013,107.14
8/20/2013,104.9
8/21/2013,103.93
8/22/2013,104.93
8/23/2013,106.48
8/26/2013,105.88
8/27/2013,109.11
8/28/2013,110.17
8/29/2013,108.51
8/30/2013,107.98
9/3/2013,108.67
9/4/2013,107.29
9/5/2013,108.5
9/6/2013,110.62
9/9/2013,109.62
9/10/2013,107.48
9/11/2013,107.65
9/12/2013,108.72
9/13/2013,108.31
9/16/2013,106.54
9/17/2013,105.36
9/18/2013,108.23
9/19/2013,106.26
9/20/2013,104.7
9/23/2013,103.62
9/24/2013,103.22
9/25/2013,102.68
9/26/2013,103.1
9/27/2013,102.86
9/30/2013,102.36
10/1/2013,102.09
10/2/2013,104.15
10/3/2013,103.29
10/4/2013,103.83
10/7/2013,103.07
10/8/2013,103.54
10/9/2013,101.63
10/10/2013,103.08
10/11/2013,102.17
10/14/2013,102.46
10/15/2013,101.15
10/16/2013,102.34
10/17/2013,100.72
10/18/2013,100.87
10/21/2013,99.28
10/22/2013,97.63
10/23/2013,96.9
10/24/2013,96.65
10/25/2013,97.4
10/28/2013,98.74
10/29/2013,98.29
10/30/2013,96.81
10/31/2013,96.29
11/1/2013,94.56
11/4/2013,94.58
11/5/2013,93.4
11/6/2013,94.74
11/7/2013,94.25
11/8/2013,94.56
11/11/2013,95.13
11/12/2013,93.12
11/13/2013,93.91
11/14/2013,93.76
11/15/2013,93.8
11/18/2013,93.03
11/19/2013,93.35
11/20/2013,93.34
11/21/2013,95.35
11/22/2013,94.53
11/25/2013,93.86
11/26/2013,93.41
11/27/2013,92.05
11/29/2013,92.55
12/2/2013,93.61
12/3/2013,95.83
12/4/2013,96.97
12/5/2013,97.14
12/6/2013,97.48
12/9/2013,97.1
12/10/2013,98.32
12/11/2013,97.25
12/12/2013,97.21
12/13/2013,96.27
12/16/2013,97.18
12/17/2013,96.99
12/18/2013,97.59
12/19/2013,98.4
12/20/2013,99.11
12/23/2013,98.62
12/24/2013,98.87
12/26/2013,99.18
12/27/2013,99.94
12/30/2013,98.9
12/31/2013,98.17
1/2/2014,95.14
1/3/2014,93.66
1/6/2014,93.12
1/7/2014,93.31
1/8/2014,91.9
1/9/2014,91.36
1/10/2014,92.39
1/13/2014,91.45
1/14/2014,92.15
1/15/2014,93.78
1/16/2014,93.54
1/21/2014,94.51
1/22/2014,96.35
1/23/2014,97.23
1/24/2014,96.66
1/27/2014,95.82
1/28/2014,97.49
1/29/2014,97.34
1/30/2014,98.25
1/31/2014,97.55
2/3/2014,96.44
2/4/2014,97.24
2/5/2014,97.4
2/6/2014,97.84
2/7/2014,99.98
2/10/2014,100.12
2/11/2014,99.96
2/12/2014,100.38
2/13/2014,100.27
2/14/2014,100.31
2/18/2014,102.54
2/19/2014,103.46
2/20/2014,103.2
2/21/2014,102.53
2/24/2014,103.17
2/25/2014,102.2
2/26/2014,102.93
2/27/2014,102.68
2/28/2014,102.88
3/3/2014,105.34
3/4/2014,103.64
3/5/2014,101.75
3/6/2014,101.82
3/7/2014,102.82
3/10/2014,101.39
3/11/2014,100.29
3/12/2014,98.29
3/13/2014,98.57
3/14/2014,99.23
3/17/2014,98.43
3/18/2014,100.08
3/19/2014,100.71
3/20/2014,99.68
3/21/2014,99.97
3/24/2014,100.05
3/25/2014,99.66
3/26/2014,100.61
3/27/2014,101.25
3/28/2014,101.73
3/31/2014,101.57
4/1/2014,99.69
4/2/2014,99.6
4/3/2014,100.29
4/4/2014,101.16
4/7/2014,100.43
4/8/2014,102.57
4/9/2014,103.55
4/10/2014,103.37
4/11/2014,103.68
4/14/2014,104.05
4/15/2014,103.7
4/16/2014,103.71
4/17/2014,104.33
4/21/2014,104.35
4/22/2014,101.69
4/23/2014,101.47
4/24/2014,102.2
4/25/2014,100.85
4/28/2014,101.13
4/29/2014,101.56
4/30/2014,100.07
5/1/2014,99.69
5/2/2014,100.09
5/5/2014,99.74
5/6/2014,99.81
5/7/2014,101.06
5/8/2014,100.52
5/9/2014,100.32
5/12/2014,100.89
5/13/2014,102.01
5/14/2014,102.63
5/15/2014,101.74
5/16/2014,102.31
5/19/2014,102.95
5/20/2014,102.8
5/21/2014,104.31
5/22/2014,104.03
5/27/2014,104.78
5/28/2014,103.37
5/29/2014,104.26
5/30/2014,103.4
6/2/2014,103.07
6/3/2014,103.34
6/4/2014,103.27
6/5/2014,103.17
6/6/2014,103.32
6/9/2014,105.09
6/10/2014,105.02
6/11/2014,105.04
6/12/2014,107.2
6/13/2014,107.49
6/16/2014,107.52
6/17/2014,106.95
6/18/2014,106.64
6/19/2014,107.08
6/20/2014,107.95
6/23/2014,106.83
6/24/2014,106.64
6/25/2014,107.04
6/26/2014,106.49
6/27/2014,106.46
6/30/2014,106.07
7/1/2014,106.06
7/2/2014,105.18
7/3/2014,104.76
7/7/2014,104.19
7/8/2014,104.06
7/9/2014,102.93
7/10/2014,103.61
7/11/2014,101.48
7/14/2014,101.73
7/15/2014,100.56
7/16/2014,101.88
7/17/2014,103.84
7/18/2014,103.83
7/21/2014,105.34
7/22/2014,104.59
7/23/2014,103.81
7/24/2014,102.76
7/25/2014,105.23
7/28/2014,105.68
7/29/2014,104.91
7/30/2014,104.29
7/31/2014,98.23
8/1/2014,97.86
8/4/2014,98.26
8/5/2014,97.34
8/6/2014,96.93
8/7/2014,97.34
8/8/2014,97.61
8/11/2014,98.09
8/12/2014,97.36
8/13/2014,97.57
8/14/2014,95.54
8/15/2014,97.3
8/18/2014,96.44
8/19/2014,94.35
8/20/2014,96.4
8/21/2014,93.97
8/22/2014,93.61
8/25/2014,95.39
8/26/2014,95.78
8/27/2014,95.82
8/28/2014,96.44
8/29/2014,97.86
9/2/2014,92.92
9/3/2014,95.5
9/4/2014,94.51
9/5/2014,93.32
9/8/2014,92.64
9/9/2014,92.73
9/10/2014,91.71
9/11/2014,92.89
9/12/2014,92.18
9/15/2014,92.86
9/16/2014,94.91
9/17/2014,94.33
9/18/2014,93.07
9/19/2014,92.43
9/22/2014,91.46
9/23/2014,91.55
9/24/2014,93.6
9/25/2014,93.59
9/26/2014,95.55
9/29/2014,94.53
9/30/2014,91.17
10/1/2014,90.74
10/2/2014,91.02
10/3/2014,89.76
10/6/2014,90.33
10/7/2014,88.89
10/8/2014,87.29
10/9/2014,85.76
10/10/2014,85.87
10/13/2014,85.73
10/14/2014,81.72
10/15/2014,81.82
10/16/2014,82.33
10/17/2014,82.8
10/20/2014,82.76
10/21/2014,83.25
10/22/2014,80.52
10/23/2014,82.81
10/24/2014,81.27
10/27/2014,81.26
10/28/2014,81.36
10/29/2014,82.25
10/30/2014,81.06
10/31/2014,80.53
11/3/2014,78.77
11/4/2014,77.15
11/5/2014,78.71
11/6/2014,77.87
11/7/2014,78.71
11/10/2014,77.43
11/11/2014,77.85
11/12/2014,77.16
11/13/2014,74.13
11/14/2014,75.91
11/17/2014,75.64
11/18/2014,74.55
11/19/2014,74.55
11/20/2014,75.63
11/21/2014,76.52
11/24/2014,75.74
11/25/2014,74.04
11/26/2014,73.7
11/28/2014,65.94
12/1/2014,68.98
12/2/2014,66.99
12/3/2014,67.3
12/4/2014,66.73
12/5/2014,65.89
12/8/2014,63.13
12/9/2014,63.74
12/10/2014,60.99
12/11/2014,60.01
12/12/2014,57.81
12/15/2014,55.96
12/16/2014,55.97
12/17/2014,56.43
12/18/2014,54.18
12/19/2014,56.91
12/22/2014,55.25
12/23/2014,56.78
12/24/2014,55.7
12/26/2014,54.59
12/29/2014,53.46
12/30/2014,54.14
12/31/2014,53.45
1/2/2015,52.72
1/5/2015,50.05
1/6/2015,47.98
1/7/2015,48.69
1/8/2015,48.8
1/9/2015,48.35
1/12/2015,46.06
1/13/2015,45.92
1/14/2015,48.49
1/15/2015,46.37
1/16/2015,48.49
1/20/2015,46.79
1/21/2015,47.85
1/22/2015,45.93
1/23/2015,45.26
1/26/2015,44.8
1/27/2015,45.84
1/28/2015,44.08
1/29/2015,44.12
1/30/2015,47.79
2/2/2015,49.25
2/3/2015,53.04
2/4/2015,48.45
2/5/2015,50.48
2/6/2015,51.66
2/9/2015,52.99
2/10/2015,50.06
2/11/2015,48.8
2/12/2015,51.17
2/17/2015,53.56
2/18/2015,52.13
2/19/2015,51.12
2/20/2015,49.95
2/23/2015,49.56
2/24/2015,48.48
2/25/2015,50.25
2/26/2015,47.65
2/27/2015,49.84
3/2/2015,49.59
3/3/2015,50.43
3/4/2015,51.53
3/5/2015,50.76
3/6/2015,49.61
3/9/2015,49.95
3/10/2015,48.42
3/11/2015,48.06
3/12/2015,47.12
3/13/2015,44.88
3/16/2015,43.93
3/17/2015,43.39
3/18/2015,44.63
3/19/2015,44.02
3/20/2015,46
3/23/2015,47.4
3/24/2015,47.03
3/25/2015,48.75
3/26/2015,51.41
3/27/2015,48.83
3/30/2015,48.66
3/31/2015,47.72
4/1/2015,50.12
4/2/2015,49.13
4/6/2015,52.08
4/7/2015,53.95
4/8/2015,50.44
4/9/2015,50.79
4/10/2015,51.63
4/13/2015,51.95
4/14/2015,53.3
4/15/2015,56.25
4/16/2015,56.69
4/17/2015,55.71
4/20/2015,56.37
4/21/2015,55.58
4/22/2015,56.17
4/23/2015,56.59
4/24/2015,55.98
4/27/2015,55.56
4/28/2015,57.05
4/29/2015,58.55
4/30/2015,59.62
5/1/2015,59.1
5/4/2015,58.92
5/5/2015,60.38
5/6/2015,60.93
5/7/2015,58.99
5/8/2015,59.41
5/11/2015,59.23
5/12/2015,60.72
5/13/2015,60.5
5/14/2015,59.89
5/15/2015,59.73
5/18/2015,59.44
5/19/2015,57.3
5/20/2015,58.96
5/21/2015,60.18
5/22/2015,58.88
5/26/2015,57.29
5/27/2015,57.51
5/28/2015,57.69
5/29/2015,60.25
6/1/2015,60.24
6/2/2015,61.3
6/3/2015,59.67
6/4/2015,58
6/5/2015,59.11
6/8/2015,58.15
6/9/2015,60.15
6/10/2015,61.36
6/11/2015,60.74
6/12/2015,59.96
6/15/2015,59.53
6/16/2015,60.01
6/17/2015,59.89
6/18/2015,60.41
6/19/2015,59.62
6/22/2015,60.01
6/23/2015,61.05
6/24/2015,60.01
6/25/2015,59.59
6/26/2015,59.41
6/29/2015,58.34
6/30/2015,59.48
7/1/2015,56.94
7/6/2015,52.48
7/7/2015,52.33
7/8/2015,51.61
7/9/2015,52.76
7/10/2015,52.74
7/13/2015,52.19
7/14/2015,53.05
7/15/2015,51.4
7/16/2015,50.9
7/17/2015,50.88
7/20/2015,50.11
7/21/2015,50.59
7/22/2015,49.27
7/23/2015,48.11
7/24/2015,47.98
7/27/2015,47.17
7/28/2015,47.97
7/29/2015,48.77
7/30/2015,48.53
7/31/2015,47.11
8/3/2015,45.25
8/4/2015,45.75
8/5/2015,45.13
8/6/2015,44.69
8/7/2015,43.87
8/10/2015,44.94
8/11/2015,43.11
8/12/2015,43.22
8/13/2015,42.27
8/14/2015,42.45
8/17/2015,41.93
8/18/2015,42.58
8/19/2015,40.75
8/20/2015,41
8/21/2015,40.45
8/24/2015,38.22
8/25/2015,39.15
8/26/2015,38.5
8/27/2015,42.47
8/28/2015,45.29
8/31/2015,49.2
9/1/2015,45.38
9/2/2015,46.3
9/3/2015,46.75
9/8/2015,45.92
9/9/2015,44.13
9/10/2015,45.85
9/11/2015,44.75
9/14/2015,44.07
9/15/2015,44.58
9/16/2015,47.12
9/17/2015,46.93
9/18/2015,44.71
9/21/2015,46.67
9/22/2015,46.17
9/23/2015,44.53
9/24/2015,44.94
9/25/2015,45.55
9/28/2015,44.4
9/29/2015,45.24
9/30/2015,45.06
10/1/2015,44.75
10/2/2015,45.54
10/5/2015,46.28
10/6/2015,48.53
10/7/2015,47.86
10/8/2015,49.46
10/13/2015,46.7
10/14/2015,46.63
10/15/2015,46.38
10/16/2015,47.3
10/19/2015,45.91
10/20/2015,45.84
10/21/2015,45.22
10/22/2015,44.9
10/23/2015,43.91
10/26/2015,43.19
10/27/2015,43.21
10/28/2015,45.93
10/29/2015,46.02
10/30/2015,46.6
11/2/2015,46.12
11/3/2015,47.88
11/4/2015,46.32
11/5/2015,45.27
11/6/2015,44.32
11/9/2015,43.87
11/12/2015,41.74
11/13/2015,40.69
11/16/2015,41.68
11/17/2015,40.73
11/18/2015,40.75
11/19/2015,40.55
11/20/2015,39.39
11/23/2015,39.27
11/24/2015,40.89
11/27/2015,40.57
11/30/2015,40.43
12/1/2015,40.58
12/2/2015,39.93
12/3/2015,41.08
12/4/2015,40
12/7/2015,37.64
12/8/2015,37.46
12/9/2015,37.16
12/10/2015,36.76
12/11/2015,35.65
12/14/2015,36.31
12/15/2015,37.32
12/16/2015,35.55
12/17/2015,34.98
12/18/2015,34.72
12/21/2015,34.55
12/22/2015,36.12
12/23/2015,36.76
12/24/2015,37.62
12/28/2015,36.36
12/29/2015,37.88
12/30/2015,36.59
12/31/2015,37.13
1/4/2016,36.81
1/5/2016,35.97
1/6/2016,33.97
1/7/2016,33.29
1/8/2016,33.2
1/11/2016,31.42
1/12/2016,30.42
1/13/2016,30.42
1/14/2016,31.22
1/19/2016,28.47
1/20/2016,26.68
1/21/2016,29.55
1/22/2016,32.07
1/25/2016,30.31
1/26/2016,29.54
1/27/2016,32.32
1/28/2016,33.21
1/29/2016,33.66
2/1/2016,31.62
2/2/2016,29.9
2/3/2016,32.29
2/4/2016,31.63
2/5/2016,30.86
2/8/2016,29.71
2/9/2016,27.96
2/10/2016,27.54
2/11/2016,26.19
2/12/2016,29.32
2/16/2016,29.05
2/17/2016,30.68
2/18/2016,30.77
2/19/2016,29.59
2/22/2016,31.37
2/23/2016,31.84
2/24/2016,30.35
2/25/2016,31.4
2/26/2016,31.65
2/29/2016,32.74
3/1/2016,34.39
3/2/2016,34.57
3/3/2016,34.56
3/4/2016,35.91
3/7/2016,37.9
3/8/2016,36.67
3/9/2016,37.62
3/10/2016,37.77
3/11/2016,38.51
3/14/2016,37.2
3/15/2016,36.32
3/16/2016,38.43
3/17/2016,40.17
3/18/2016,39.47
3/21/2016,39.91
3/22/2016,41.45
3/23/2016,38.28
3/24/2016,38.14
3/28/2016,37.99
3/29/2016,36.91
3/30/2016,36.91
3/31/2016,36.94
4/1/2016,35.36
4/4/2016,34.3
4/5/2016,34.52
4/6/2016,37.74
4/7/2016,37.3
4/8/2016,39.74
4/11/2016,40.46
4/12/2016,42.12
4/13/2016,41.7
4/14/2016,41.45
4/15/2016,40.4
4/18/2016,39.74
4/19/2016,40.88
4/20/2016,42.72
4/21/2016,43.18
4/22/2016,42.76
4/25/2016,41.67
4/26/2016,42.52
4/27/2016,45.29
4/28/2016,46.03
4/29/2016,45.98
5/2/2016,44.75
5/3/2016,43.65
5/4/2016,43.77
5/5/2016,44.33
5/6/2016,44.58
5/9/2016,43.45
5/10/2016,44.68
5/11/2016,46.21
5/12/2016,46.64
5/13/2016,46.22
5/16/2016,47.72
5/17/2016,48.29
5/18/2016,48.12
5/19/2016,48.16
5/20/2016,47.67
5/23/2016,48.12
5/24/2016,48.04
5/25/2016,49.1
5/26/2016,49
5/27/2016,49.36
5/31/2016,49.1
6/3/2016,48.69
6/6/2016,49.71
6/7/2016,50.37
6/8/2016,51.23
6/9/2016,50.52
6/10/2016,49.09
6/13/2016,48.89
6/14/2016,48.49
6/15/2016,47.92
6/16/2016,46.14
6/17/2016,48
6/20/2016,49.4
6/21/2016,48.95
6/22/2016,49.16
6/23/2016,49.34
6/24/2016,46.7
6/27/2016,45.8
6/28/2016,47.93
6/29/2016,49.85
6/30/2016,48.27
7/5/2016,46.73
7/6/2016,47.37
7/7/2016,45.22
7/8/2016,45.37
7/11/2016,44.73
7/12/2016,46.82
7/13/2016,44.87
7/14/2016,45.64
7/15/2016,45.93
7/18/2016,45.23
7/19/2016,44.64
7/20/2016,44.96
7/21/2016,43.96
7/22/2016,43.41
7/25/2016,42.4
7/26/2016,42.16
7/27/2016,41.9
7/28/2016,41.13
7/29/2016,41.54
8/1/2016,40.05
8/2/2016,39.5
8/3/2016,40.8
8/4/2016,41.92
8/5/2016,41.83
8/8/2016,43.06
8/9/2016,42.78
8/10/2016,41.75
8/11/2016,43.51
8/12/2016,44.47
8/15/2016,45.72
8/16/2016,46.57
8/17/2016,46.81
8/18/2016,48.2
8/19/2016,48.48
8/22/2016,46.8
8/23/2016,47.54
8/24/2016,46.29
8/25/2016,46.97
8/26/2016,47.64
8/29/2016,46.97
8/30/2016,46.32
8/31/2016,44.68
9/1/2016,43.17
9/6/2016,44.85
9/7/2016,45.47
9/8/2016,47.63
9/9/2016,45.88
9/12/2016,46.28
9/13/2016,44.91
9/14/2016,43.62
9/15/2016,43.85
9/16/2016,43.04
9/19/2016,43.34
9/20/2016,43.85
9/21/2016,45.33
9/22/2016,46.1
9/23/2016,44.36
9/26/2016,45.6
9/27/2016,44.65
9/28/2016,47.07
9/29/2016,47.72
9/30/2016,47.72
10/3/2016,48.8
10/4/2016,48.67
10/5/2016,49.75
10/6/2016,50.44
10/11/2016,50.72
10/12/2016,50.14
10/13/2016,50.47
10/14/2016,50.35
10/17/2016,49.97
10/18/2016,50.3
10/19/2016,51.59
10/20/2016,50.31
10/21/2016,50.61
10/24/2016,50.18
10/25/2016,49.45
10/26/2016,48.75
10/27/2016,49.71
10/28/2016,48.72
10/31/2016,46.83
11/1/2016,46.66
11/2/2016,45.32
11/3/2016,44.66
11/4/2016,44.07
11/7/2016,44.88
11/8/2016,44.96
11/9/2016,45.2
11/14/2016,43.29
11/15/2016,45.86
11/16/2016,45.56
11/17/2016,45.37
11/18/2016,45.69
11/21/2016,47.48
11/22/2016,48.07
11/28/2016,45.66
11/29/2016,45.29
11/30/2016,49.41
12/1/2016,51.08
12/2/2016,51.7
12/5/2016,51.72
12/6/2016,50.95
12/7/2016,49.85
12/8/2016,50.84
12/9/2016,51.51
12/12/2016,52.74
12/13/2016,52.99
12/14/2016,51.01
12/15/2016,50.9
12/16/2016,51.93
12/19/2016,52.13
12/20/2016,52.22
12/21/2016,51.44
12/22/2016,51.98
12/23/2016,52.01
12/27/2016,52.82
12/28/2016,54.01
12/29/2016,53.8
12/30/2016,53.75
1/3/2017,52.36
1/4/2017,53.26
1/5/2017,53.77
1/6/2017,53.98
1/9/2017,51.95
1/10/2017,50.82
1/11/2017,52.19
1/12/2017,53.01
1/17/2017,52.45
1/18/2017,51.12
1/19/2017,51.39
1/20/2017,52.33
1/23/2017,52.77
1/24/2017,52.38
1/25/2017,52.14
1/26/2017,53.24
1/27/2017,53.18
1/30/2017,52.63
1/31/2017,52.75
2/1/2017,53.9
2/2/2017,53.55
2/3/2017,53.81
2/6/2017,53.01
2/7/2017,52.19
2/8/2017,52.37
2/9/2017,52.99
2/10/2017,53.84
2/13/2017,52.96
2/14/2017,53.21
2/15/2017,53.11
2/16/2017,53.41
2/21/2017,54.02
2/22/2017,53.61
2/23/2017,54.48
2/24/2017,53.99
2/27/2017,54.04
2/28/2017,54
3/1/2017,53.82
3/2/2017,52.63
3/3/2017,53.33
3/6/2017,53.19
3/7/2017,52.68
3/8/2017,49.83
3/9/2017,48.75
3/10/2017,48.05
3/13/2017,47.95
3/14/2017,47.24
3/15/2017,48.34
3/16/2017,48.3
3/17/2017,48.34
3/20/2017,47.79
3/21/2017,47.02
3/22/2017,47.29
3/23/2017,47
3/24/2017,47.3
3/27/2017,47.02
3/28/2017,48.36
3/29/2017,49.47
3/30/2017,50.3
3/31/2017,50.54
4/3/2017,50.25
4/4/2017,50.99
4/5/2017,51.14
4/6/2017,51.69
4/7/2017,52.25
4/10/2017,53.06
4/11/2017,53.38
4/12/2017,53.12
4/13/2017,53.19
4/17/2017,52.62
4/18/2017,52.46
4/19/2017,50.49
4/20/2017,50.26
4/21/2017,49.64
4/24/2017,48.9
4/25/2017,49.22
4/26/2017,49.22
4/27/2017,48.96
4/28/2017,49.31
5/1/2017,48.83
5/2/2017,47.65
5/3/2017,47.79
5/4/2017,45.55
5/5/2017,46.23
5/8/2017,46.46
5/9/2017,45.84
5/10/2017,47.28
5/11/2017,47.81
5/12/2017,47.83
5/15/2017,48.86
5/16/2017,48.64
5/17/2017,49.04
5/18/2017,49.36
5/19/2017,50.32
5/22/2017,50.81
5/23/2017,51.12
5/24/2017,50.99
5/25/2017,48.57
5/30/2017,49.63
5/31/2017,48.29
6/1/2017,48.32
6/2/2017,47.68
6/5/2017,47.4
6/6/2017,48.13
6/7/2017,45.8
6/8/2017,45.68
6/9/2017,45.82
6/12/2017,46.1
6/13/2017,46.41
6/14/2017,44.79
6/15/2017,44.47
6/16/2017,44.73
6/19/2017,44.24
6/20/2017,43.34
6/21/2017,42.48
6/22/2017,42.53
6/23/2017,42.86
6/26/2017,43.24
6/27/2017,44.25
6/28/2017,44.74
6/29/2017,44.88
6/30/2017,46.02
7/5/2017,45.11
7/6/2017,45.52
7/7/2017,44.25
7/10/2017,44.4
7/11/2017,45.06
7/12/2017,45.48
7/13/2017,46.06
7/14/2017,46.53
7/17/2017,46.02
7/18/2017,46.4
7/19/2017,47.1
7/20/2017,46.73
7/21/2017,45.78
7/24/2017,46.21
7/25/2017,47.77
7/26/2017,48.58
7/27/2017,49.05
7/28/2017,49.72
7/31/2017,50.21
8/1/2017,49.19
8/2/2017,49.6
8/3/2017,49.03
8/4/2017,49.57
8/7/2017,49.37
8/8/2017,49.07
8/9/2017,49.59
8/10/2017,48.54
8/11/2017,48.81
8/14/2017,47.59
8/15/2017,47.57
8/16/2017,46.8
8/17/2017,47.07
8/18/2017,48.59
8/21/2017,47.39
8/22/2017,47.65
8/23/2017,48.45
8/24/2017,47.24
8/25/2017,47.65
8/28/2017,46.4
8/29/2017,46.46
8/30/2017,45.96
8/31/2017,47.26
9/5/2017,48.63
9/6/2017,49.13
9/7/2017,49.1
9/8/2017,47.44
9/11/2017,48.06
9/12/2017,48.21
9/13/2017,49.3
9/14/2017,49.86
9/15/2017,49.9
9/18/2017,49.88
9/19/2017,49.54
9/20/2017,50.29
9/21/2017,50.58
9/22/2017,50.33
9/25/2017,51.85
9/26/2017,51.59
9/27/2017,52.14
9/28/2017,51.62
9/29/2017,51.67
10/2/2017,50.59
10/3/2017,50.44
10/4/2017,50
10/5/2017,50.79
10/10/2017,50.93
10/11/2017,51.3
10/12/2017,50.61
10/13/2017,51.43
10/16/2017,51.86
10/17/2017,51.87
10/18/2017,52.05
10/19/2017,51.29
10/20/2017,51.63
10/23/2017,51.91
10/24/2017,52.32
10/25/2017,51.97
10/26/2017,52.41
10/27/2017,53.92
10/30/2017,54.11
10/31/2017,54.36
11/1/2017,54.32
11/2/2017,54.55
11/3/2017,55.63
11/6/2017,57.34
11/7/2017,57.19
11/8/2017,56.82
11/13/2017,56.77
11/14/2017,55.67
11/15/2017,55.28
11/16/2017,55.14
11/17/2017,56.21
11/20/2017,56.21
11/21/2017,56.84
11/27/2017,58.1
11/28/2017,57.96
11/29/2017,57.25
11/30/2017,57.4
12/1/2017,58.35
12/4/2017,57.48
12/5/2017,57.66
12/6/2017,55.79
12/7/2017,56.5
12/8/2017,57.15
12/11/2017,57.84
12/12/2017,57.12
12/13/2017,56.59
12/14/2017,57
12/15/2017,57.29
12/18/2017,57.17
12/19/2017,57.49
12/20/2017,58.09
12/21/2017,58.34
12/22/2017,58.25
12/26/2017,59.55
12/27/2017,59.67
12/28/2017,59.84
12/29/2017,60.46
1/2/2018,60.37
1/3/2018,61.61
1/4/2018,61.98
1/5/2018,61.49
1/8/2018,61.73
1/9/2018,62.92
1/10/2018,63.6
1/11/2018,63.81
1/12/2018,64.22
1/16/2018,63.82
1/17/2018,63.92
1/18/2018,63.96
1/19/2018,63.38
1/22/2018,63.66
1/23/2018,64.45
1/24/2018,65.69
1/25/2018,65.62
1/26/2018,66.27
1/29/2018,65.71
1/30/2018,64.64
1/31/2018,64.82
2/1/2018,65.92
2/2/2018,65.5
2/5/2018,64.18
2/6/2018,63.48
2/7/2018,61.91
2/8/2018,61.3
2/9/2018,59.2
2/12/2018,59.41
2/13/2018,59.33
2/14/2018,60.7
2/15/2018,61.48
2/16/2018,61.89
2/20/2018,61.91
2/21/2018,61.73
2/22/2018,62.72
2/23/2018,63.52
2/26/2018,63.81
2/27/2018,62.94
2/28/2018,61.43
3/1/2018,60.98
3/2/2018,61.19
3/5/2018,62.49
3/6/2018,62.54
3/7/2018,61.09
3/8/2018,60.13
3/9/2018,62.02
3/12/2018,61.35
3/13/2018,60.69
3/14/2018,60.89
3/15/2018,61.16
3/16/2018,62.29
3/19/2018,62.01
3/20/2018,63.37
3/21/2018,65.1
3/22/2018,64.25
3/23/2018,65.8
3/26/2018,65.49
3/27/2018,65.21
3/28/2018,64.3
3/29/2018,64.87
4/2/2018,63.05
4/3/2018,63.41
4/4/2018,63.35
4/5/2018,63.53
4/6/2018,62.03
4/9/2018,63.4
4/10/2018,65.48
4/11/2018,66.81
4/12/2018,67.07
4/13/2018,67.35
4/16/2018,66.23
4/17/2018,66.5
4/18/2018,68.44
4/19/2018,68.3
4/20/2018,68.26
4/23/2018,67.61
4/24/2018,67.66
4/25/2018,68
4/26/2018,68.18
4/27/2018,68.11
4/30/2018,68.56
5/1/2018,67.28
5/2/2018,67.91
5/3/2018,68.45
5/4/2018,69.71
5/7/2018,70.74
5/8/2018,68.83
5/9/2018,71.16
5/10/2018,71.36
5/11/2018,70.69
5/14/2018,71.01
5/15/2018,71.34
5/16/2018,71.43
5/17/2018,71.47
5/18/2018,71.23
5/21/2018,72.26
5/22/2018,72.09
5/23/2018,71.85
5/24/2018,70.77
5/25/2018,67.92
5/29/2018,66.8
5/30/2018,68.24
5/31/2018,66.98
6/1/2018,65.81
6/4/2018,64.76
6/5/2018,65.51
6/6/2018,64.75
6/7/2018,65.96
6/8/2018,65.77
6/11/2018,66.1
6/12/2018,66.38
6/13/2018,66.63
6/14/2018,66.91
6/15/2018,65.01
6/18/2018,65.91
6/19/2018,65.09
6/20/2018,65.92
6/21/2018,65.68
6/22/2018,69.02
6/25/2018,69.91
6/26/2018,75.23
6/27/2018,77.41
6/28/2018,73.45
6/29/2018,74.13
7/2/2018,73.89
7/3/2018,74.19
7/5/2018,73.05
7/6/2018,73.78
7/9/2018,73.93
7/10/2018,74.11
7/11/2018,70.47
7/12/2018,70.28
7/13/2018,71.03
7/16/2018,68.22
7/17/2018,68.03
7/18/2018,68.78
7/19/2018,69.42
7/20/2018,70.31
7/23/2018,67.9
7/24/2018,70.77
7/25/2018,71.13
7/26/2018,71.59
7/27/2018,68.66
7/30/2018,71.19
7/31/2018,69.88
8/1/2018,68.8
8/2/2018,68.95
8/3/2018,68.49
8/6/2018,69.01
8/7/2018,69.17
8/8/2018,66.92
8/9/2018,66.81
8/10/2018,67.61
8/13/2018,67.25
8/14/2018,67.04
8/15/2018,65.07
8/16/2018,65.44
8/17/2018,65.93
8/20/2018,66.5
8/21/2018,67.32
8/22/2018,67.85
8/23/2018,69.13
8/24/2018,69.71
8/27/2018,69.97
8/28/2018,68.54
8/29/2018,69.68
8/30/2018,70.25
8/31/2018,69.84
9/4/2018,69.82
9/5/2018,68.69
9/6/2018,67.81
9/7/2018,67.73
9/10/2018,67.55
9/11/2018,69.29
9/12/2018,70.37
9/13/2018,68.6
9/14/2018,68.98
9/17/2018,68.86
9/18/2018,69.87
9/19/2018,71.08
9/20/2018,70.77
9/21/2018,70.8
9/24/2018,73.23
9/25/2018,73.4
9/26/2018,72.22
9/27/2018,72.18
9/28/2018,73.16
10/1/2018,75.37
10/2/2018,75.16
10/3/2018,76.4
10/4/2018,74.44
10/5/2018,74.26
10/8/2018,74.27
10/9/2018,74.95
10/10/2018,73.18
10/11/2018,70.97
10/12/2018,71.41
10/15/2018,71.84
10/16/2018,71.93
10/17/2018,69.63
10/18/2018,68.63
10/19/2018,69.16
10/22/2018,69.25
10/23/2018,66.49
10/24/2018,66.56
10/25/2018,67.25
10/26/2018,67.58
10/29/2018,67
10/30/2018,66.18
10/31/2018,65.31
11/1/2018,63.67
11/2/2018,63.12
11/5/2018,63.12
11/6/2018,62.16
11/7/2018,61.69
11/8/2018,60.71
11/9/2018,60.19
11/12/2018,59.85
11/13/2018,55.63
11/14/2018,56.16
11/15/2018,56.45
11/16/2018,56.49
11/19/2018,57.16
11/20/2018,53.39
11/21/2018,54.41
11/26/2018,51.46
11/27/2018,51.31
11/28/2018,50.06
11/29/2018,51.46
11/30/2018,50.78
12/3/2018,52.98
12/4/2018,53.21
12/5/2018,52.64
12/6/2018,51.54
12/7/2018,52.76
12/10/2018,51.07
12/11/2018,51.65
12/12/2018,51.04
12/13/2018,52.69
12/14/2018,51.26
12/17/2018,49.8
12/18/2018,46.12
12/19/2018,47.96
12/20/2018,45.64
12/21/2018,45.38
12/26/2018,46.04
12/27/2018,44.48
12/28/2018,45.15
1/2/2019,46.31
1/3/2019,46.92
1/4/2019,47.76
1/7/2019,48.27
1/8/2019,49.58
1/9/2019,52.19
1/10/2019,52.42
1/11/2019,51.44
1/14/2019,50.31
1/15/2019,51.8
1/16/2019,52.08
1/17/2019,51.83
1/22/2019,52.59
1/23/2019,52.44
1/24/2019,52.94
1/25/2019,53.53
1/28/2019,51.79
1/29/2019,53.07
1/30/2019,54.18
1/31/2019,53.84
2/1/2019,55.29
2/4/2019,54.57
2/5/2019,53.69
2/6/2019,53.94
2/7/2019,52.68
2/8/2019,52.75
2/11/2019,52.43
2/12/2019,53.14
2/13/2019,53.84
2/14/2019,54.4
2/19/2019,56.12
2/20/2019,56.9
2/21/2019,56.95
2/22/2019,57.01
2/25/2019,55.32
2/26/2019,55.4
2/27/2019,56.92
2/28/2019,57.21
3/1/2019,55.76
3/4/2019,56.6
3/5/2019,56.55
3/6/2019,56.22
3/7/2019,56.6
3/8/2019,55.77
3/11/2019,56.79
3/12/2019,56.89
3/13/2019,58.27
3/14/2019,58.59
3/15/2019,58.51
3/18/2019,59.09
3/19/2019,59.12
3/20/2019,60.12
3/21/2019,59.98
3/22/2019,58.87
3/25/2019,58.71
3/26/2019,59.87
3/27/2019,59.39
3/28/2019,59.29
3/29/2019,60.19
4/1/2019,61.59
4/2/2019,62.53
4/3/2019,62.46
4/4/2019,62.12
4/5/2019,63.1
4/8/2019,64.37
4/9/2019,64.05
4/10/2019,64.62
4/11/2019,63.61
4/12/2019,63.86
4/15/2019,63.43
4/16/2019,64.01
4/17/2019,63.74
4/18/2019,64.02
4/22/2019,65.66
4/23/2019,66.24
4/24/2019,65.96
4/25/2019,65.23
4/26/2019,63.29
4/29/2019,63.39
4/30/2019,63.83
5/1/2019,63.55
5/2/2019,61.75
5/3/2019,61.98
5/6/2019,62.3
5/7/2019,61.41
5/8/2019,62.13
5/9/2019,61.58
5/10/2019,61.65
5/13/2019,60.97
5/14/2019,61.82
5/15/2019,62.03
5/16/2019,62.93
5/17/2019,62.77
5/20/2019,63.12
5/21/2019,63.02
5/22/2019,61.42
5/23/2019,57.65
5/24/2019,58.4
5/28/2019,58.91
5/29/2019,58.84
5/30/2019,56.47
5/31/2019,53.49
6/3/2019,53.25
6/4/2019,53.5
6/5/2019,51.57
6/6/2019,52.59
6/7/2019,53.95
6/10/2019,53.33
6/11/2019,53.3
6/12/2019,51.13
6/13/2019,52.38
6/14/2019,52.47
6/17/2019,51.94
6/18/2019,53.86
6/19/2019,53.74
6/20/2019,56.88
6/21/2019,57.35
6/24/2019,57.73
6/25/2019,57.63
6/26/2019,59.17
6/27/2019,59.18
6/28/2019,58.2
7/1/2019,58.91
7/2/2019,56
7/8/2019,57.35
7/9/2019,57.57
7/10/2019,60.28
7/11/2019,59.93
7/12/2019,59.99
7/15/2019,59.3
7/16/2019,57.44
7/17/2019,56.5
7/18/2019,55.08
7/19/2019,55.42
7/22/2019,55.87
7/23/2019,56.58
7/24/2019,55.9
7/25/2019,55.88
7/26/2019,56.04
7/29/2019,56.85
7/30/2019,58.04
7/31/2019,58.53
8/1/2019,53.64
8/2/2019,55.67
8/5/2019,54.63
8/6/2019,53.6
8/7/2019,51.14
8/8/2019,52.6
8/9/2019,54.41
8/12/2019,54.98
8/13/2019,57.05
8/14/2019,55.16
8/15/2019,54.51
8/16/2019,54.83
8/19/2019,56.24
8/20/2019,56.18
8/21/2019,55.65
8/22/2019,55.33
8/23/2019,54.08
8/26/2019,53.54
8/27/2019,54.99
8/28/2019,55.76
8/29/2019,56.67
9/3/2019,53.91
9/4/2019,56.22
9/5/2019,56.33
9/6/2019,56.45
9/9/2019,57.88
9/10/2019,57.37
9/11/2019,55.66
9/12/2019,55.13
9/13/2019,54.76
9/16/2019,63.1
9/17/2019,59.26
9/18/2019,58.19
9/19/2019,58.19
9/20/2019,57.92
9/23/2019,58.69
9/24/2019,57.22
9/25/2019,56.38
9/26/2019,56.24
9/27/2019,55.95
9/30/2019,54.09
10/1/2019,53.6
10/2/2019,52.67
10/3/2019,52.41
10/4/2019,52.84
10/7/2019,52.76
10/8/2019,52.64
10/9/2019,52.63
10/10/2019,53.57
10/11/2019,54.76
10/14/2019,53.57
10/15/2019,52.81
10/16/2019,53.42
10/17/2019,53.89
10/18/2019,53.75
10/21/2019,53.28
10/22/2019,54.21
10/23/2019,55.9
10/24/2019,56.11
10/25/2019,56.52
10/28/2019,55.6
10/29/2019,55.34
10/30/2019,54.85
10/31/2019,54.02
11/1/2019,56.04
11/4/2019,56.33
11/5/2019,57.04
11/6/2019,56.15
11/7/2019,56.91
11/12/2019,56.67
11/13/2019,56.88
11/14/2019,56.57
11/15/2019,57.54
11/18/2019,56.82
11/19/2019,54.93
11/20/2019,56.71
11/21/2019,58.36
11/22/2019,57.68
11/25/2019,57.79
11/26/2019,58.25
11/27/2019,58.12
11/29/2019,58.12
12/2/2019,55.97
12/3/2019,56.15
12/4/2019,58.46
12/5/2019,58.42
12/6/2019,59.2
12/9/2019,58.99
12/10/2019,59.22
12/11/2019,58.74
12/12/2019,59.18
12/13/2019,60.11
12/16/2019,60.21
12/17/2019,60.88
12/18/2019,60.93
12/19/2019,61.3
12/20/2019,60.43
12/23/2019,60.51
12/24/2019,61.17
12/26/2019,61.72
12/27/2019,61.76
12/30/2019,61.66
12/31/2019,61.14
1/2/2020,61.17
1/3/2020,63
1/6/2020,63.27
1/7/2020,62.7
1/8/2020,59.65
1/9/2020,59.56
1/10/2020,59.02
1/13/2020,58.17
1/14/2020,58.34
1/15/2020,57.86
1/16/2020,58.52
1/21/2020,58.25
1/22/2020,56.76
1/23/2020,55.51
1/24/2020,54.09
1/27/2020,53.09
1/28/2020,53.33
1/29/2020,53.29
1/30/2020,52.19
1/31/2020,51.58
2/3/2020,50.06
2/4/2020,49.59
2/5/2020,50.87
2/6/2020,50.94
2/7/2020,50.34
2/10/2020,49.59
2/11/2020,50
2/12/2020,51.13
2/13/2020,51.41
2/18/2020,52.1
2/19/2020,53.31
2/20/2020,53.77
2/21/2020,53.36
2/24/2020,51.36
2/25/2020,49.78
2/26/2020,48.67
2/27/2020,47.17
2/28/2020,44.83
3/2/2020,46.78
3/3/2020,47.27
3/4/2020,46.78
3/5/2020,45.9
3/6/2020,41.14
3/9/2020,31.05
3/10/2020,34.47
3/11/2020,33.13
3/12/2020,31.56
3/13/2020,31.72
3/16/2020,28.96
3/17/2020,26.96
3/18/2020,20.48
3/19/2020,25.09
3/20/2020,19.48
3/23/2020,23.33
3/24/2020,21.03
3/25/2020,20.75
3/26/2020,16.6
3/27/2020,15.48
3/30/2020,14.1
3/31/2020,20.51
4/1/2020,20.28
4/2/2020,25.18
4/3/2020,28.36
4/6/2020,26.21
4/7/2020,23.54
4/8/2020,24.97
4/9/2020,22.9
4/13/2020,22.36
4/14/2020,20.15
4/15/2020,19.96
4/16/2020,19.82
4/17/2020,18.31
4/20/2020,-36.98
4/21/2020,8.91
4/22/2020,13.64
4/23/2020,15.06
4/24/2020,15.99
4/27/2020,12.17
4/28/2020,12.4
4/29/2020,15.04
4/30/2020,19.23
5/1/2020,19.72
5/4/2020,20.47
5/5/2020,24.56
5/6/2020,23.88
5/7/2020,23.68
5/8/2020,24.73
5/11/2020,24.02
5/12/2020,25.76
5/13/2020,25.37
5/14/2020,27.4
5/15/2020,29.44
5/18/2020,31.83
5/19/2020,32.3
5/20/2020,33.56
5/21/2020,34.3
5/22/2020,33.49
5/26/2020,34.7
5/27/2020,32.8
5/28/2020,33.67
5/29/2020,35.57
6/1/2020,35.49
6/2/2020,36.88
6/3/2020,37.33
6/4/2020,37.42
6/5/2020,39.49
6/8/2020,38.17
6/9/2020,38.98
6/10/2020,39.54
6/11/2020,36.43
6/12/2020,36.24
6/15/2020,37.07
6/16/2020,38.26
6/17/2020,37.91
6/18/2020,38.79
6/19/2020,39.72
6/22/2020,40.6
6/23/2020,40.4
6/24/2020,37.91
6/25/2020,38.66
6/26/2020,38.53
6/29/2020,39.67
6/30/2020,39.27
7/1/2020,39.88
7/6/2020,40.51
7/7/2020,40.59
7/8/2020,40.91
7/9/2020,39.64
7/10/2020,40.56
7/13/2020,40.06
7/14/2020,40.3
7/15/2020,41.2
7/16/2020,40.74
7/17/2020,40.55
7/20/2020,40.83
7/21/2020,41.76
7/22/2020,41.88
7/23/2020,40.99
7/24/2020,41.23
7/27/2020,41.46
7/28/2020,40.89
7/29/2020,41.13
7/30/2020,39.85
7/31/2020,40.1
8/3/2020,40.83
8/4/2020,41.67
8/5/2020,42.25
8/6/2020,41.93
8/7/2020,41.16
8/10/2020,41.94
8/11/2020,41.53
8/12/2020,42.6
8/13/2020,42.26
8/14/2020,42.05
8/17/2020,42.89
8/18/2020,42.89
8/19/2020,42.91
8/20/2020,42.62
8/21/2020,42.32
8/24/2020,42.44
8/25/2020,43.17
8/26/2020,43.21
8/27/2020,42.88
8/28/2020,42.96
8/31/2020,42.61
9/1/2020,42.76
9/2/2020,42.76
9/3/2020,41.39
9/8/2020,36.87
9/9/2020,38.05
9/10/2020,37.25
9/11/2020,37.33
9/14/2020,37.23
9/15/2020,38.29
9/16/2020,40.17
9/17/2020,40.99
9/18/2020,41.09
9/21/2020,39.26
9/22/2020,39.55
9/23/2020,39.92
9/24/2020,40.11
9/25/2020,40.06
9/28/2020,40.47
9/29/2020,39.03
9/30/2020,40.05
10/1/2020,38.51
10/2/2020,36.9
10/5/2020,39.12
10/6/2020,40.52
10/7/2020,39.82
10/8/2020,41.04
10/9/2020,40.44
10/12/2020,39.22
10/13/2020,40.03
10/14/2020,40.86
10/15/2020,40.84
10/16/2020,40.7
10/19/2020,40.69
10/20/2020,41.37
10/21/2020,39.88
10/22/2020,40.46
10/23/2020,39.73
10/26/2020,38.39
10/27/2020,39.34
10/28/2020,37.27
10/29/2020,35.94
10/30/2020,35.64
11/2/2020,36.6
11/3/2020,37.44
11/4/2020,38.97
11/5/2020,38.56
11/6/2020,36.97
11/9/2020,40.05
11/10/2020,41.18
11/11/2020,41.23
11/12/2020,40.9
11/13/2020,39.93
11/16/2020,41.14
11/17/2020,41.24
11/18/2020,41.64
11/19/2020,41.57
11/20/2020,41.99
11/23/2020,42.91
11/24/2020,44.71
11/30/2020,45.2
12/1/2020,44.54
12/2/2020,45.23
12/3/2020,45.65
12/4/2020,46.23
12/7/2020,45.72
12/8/2020,45.64
12/9/2020,45.48
12/10/2020,46.76
12/11/2020,46.59
12/14/2020,47.02
12/15/2020,47.58
12/16/2020,47.86
12/17/2020,48.34
12/18/2020,49.04
12/21/2020,47.79
12/22/2020,47.02
12/23/2020,47.94
12/24/2020,48.18
12/28/2020,47.5
12/29/2020,47.85
12/30/2020,48.24
12/31/2020,48.35
1/4/2021,47.47
1/5/2021,49.78
1/6/2021,50.45
1/7/2021,50.63
1/8/2021,52.14
1/11/2021,52.15
1/12/2021,53.08
1/13/2021,52.81
1/14/2021,53.47
1/19/2021,52.87
1/20/2021,53.16
1/21/2021,53
1/22/2021,52.28
1/25/2021,52.78
1/26/2021,52.61
1/27/2021,52.81
1/28/2021,52.26
1/29/2021,52.16
2/1/2021,53.55
2/2/2021,54.77
2/3/2021,55.67
2/4/2021,56.19
2/5/2021,56.8
2/8/2021,57.95
2/9/2021,58.34
2/10/2021,58.69
2/11/2021,58.22
2/16/2021,60.07
2/17/2021,61.09
2/18/2021,60.4
2/19/2021,59.12
2/22/2021,61.67
2/23/2021,61.66
2/24/2021,63.21
2/25/2021,63.43
2/26/2021,61.55
3/1/2021,60.54
3/2/2021,59.7
3/3/2021,61.33
3/4/2021,63.81
3/5/2021,66.08
3/8/2021,65.03
3/9/2021,64.02
3/10/2021,64.45
3/11/2021,66.02
3/12/2021,65.59
3/15/2021,65.36
3/16/2021,64.82
3/17/2021,64.55
3/18/2021,59.95
3/19/2021,61.43
3/22/2021,61.48
3/23/2021,57.75
3/24/2021,61.12
3/25/2021,58.47
3/26/2021,60.93
3/29/2021,61.49
3/30/2021,60.55
3/31/2021,59.19
4/1/2021,61.41
4/5/2021,58.73
4/6/2021,59.34
4/7/2021,59.77
4/8/2021,59.61
4/9/2021,59.29
4/12/2021,59.7
4/13/2021,60.2
4/14/2021,63.15
4/15/2021,63.42
4/16/2021,63.16
4/19/2021,63.33
4/20/2021,62.61
4/21/2021,61.34
4/22/2021,61.45
4/23/2021,62.18
4/26/2021,62.02
4/27/2021,63.03
4/28/2021,63.81
4/29/2021,65
4/30/2021,63.5
5/3/2021,64.46
5/4/2021,65.72
5/5/2021,65.63
5/6/2021,64.73
5/7/2021,64.96
5/10/2021,64.92
5/11/2021,65.31
5/12/2021,65.96
5/13/2021,63.82
5/14/2021,65.32
5/17/2021,66.24
5/18/2021,65.49
5/19/2021,63.28
5/20/2021,61.95
5/21/2021,63.61
5/24/2021,66.13
5/25/2021,66.27
5/26/2021,66.41
5/27/2021,66.87
5/28/2021,66.31
6/1/2021,67.8
6/2/2021,68.79
6/3/2021,68.81
6/4/2021,69.57
6/7/2021,69.21
6/8/2021,70.11
6/9/2021,69.9
6/10/2021,70.34
6/11/2021,71
6/14/2021,70.94
6/15/2021,72.06
6/16/2021,72.03
6/17/2021,71.06
6/18/2021,71.64
6/21/2021,73.64
6/22/2021,73.15
6/23/2021,73.11
6/24/2021,73.31
6/25/2021,74.21
6/28/2021,72.98
6/29/2021,73.14
6/30/2021,73.52
7/1/2021,75.33
7/6/2021,73.62
7/7/2021,72.22
7/8/2021,72.98
7/9/2021,74.56
7/12/2021,74.21
7/13/2021,75.24
7/14/2021,73.06
7/15/2021,71.67
7/16/2021,71.76
7/19/2021,66.45
7/20/2021,67.32
7/21/2021,70.26
7/22/2021,72.15
7/23/2021,72.24
7/26/2021,72.15
7/27/2021,71.68
7/28/2021,72.37
7/29/2021,73.62
7/30/2021,73.93
8/2/2021,71.31
8/3/2021,70.64
8/4/2021,68.19
8/5/2021,69.1
8/6/2021,68.26
8/9/2021,66.56
8/10/2021,68.33
8/11/2021,69.3
8/12/2021,69.12
8/13/2021,68.36
8/16/2021,67.44
8/17/2021,66.5
8/18/2021,65.36
8/19/2021,63.69
8/20/2021,62.25
8/23/2021,65.65
8/24/2021,67.5
8/25/2021,68.54
8/26/2021,67.42
8/27/2021,68.84
8/30/2021,69.28
8/31/2021,68.43
9/1/2021,68.63
9/2/2021,70.07
9/7/2021,68.49
9/8/2021,69.36
9/9/2021,68.26
9/10/2021,69.82
9/13/2021,70.54
9/14/2021,70.53
9/15/2021,72.59
9/16/2021,72.69
9/17/2021,72.09
9/20/2021,70.41
9/21/2021,70.51
9/22/2021,72.37
9/23/2021,73.43
9/24/2021,74.18
9/27/2021,75.54
9/28/2021,75.44
9/29/2021,75.06
9/30/2021,75.22
10/1/2021,76.01
10/4/2021,77.68
10/5/2021,79.17
10/6/2021,77.66
10/7/2021,78.46
10/8/2021,79.55
10/11/2021,80.64
10/12/2021,80.75
10/13/2021,80.67
10/14/2021,81.43
10/15/2021,82.39
10/18/2021,82.62
10/19/2021,83.19
10/20/2021,84.4
10/21/2021,82.64
10/22/2021,84.53
10/25/2021,84.64
10/26/2021,85.64
10/27/2021,82.66
10/28/2021,82.78
10/29/2021,83.5
11/1/2021,84.08
11/2/2021,83.91
11/3/2021,80.82
11/4/2021,78.88
11/5/2021,81.25
11/8/2021,81.96
11/9/2021,84.12
11/10/2021,81.23
11/11/2021,81.47
11/12/2021,80.87
11/15/2021,80.85
11/16/2021,80.76
11/17/2021,78.32
11/18/2021,78.92
11/19/2021,76.11
11/22/2021,76.74
11/23/2021,78.32
11/29/2021,69.88
11/30/2021,66.14
12/1/2021,65.44
12/2/2021,66.6
12/3/2021,66.39
12/6/2021,69.62
12/7/2021,71.94
12/8/2021,72.43
12/9/2021,70.87
12/10/2021,71.71
12/13/2021,71.19
12/14/2021,70.57
12/15/2021,70.89
12/16/2021,72.34
12/17/2021,70.93
12/20/2021,68.69
12/21/2021,71.1
12/22/2021,72.82
12/27/2021,75.49
12/28/2021,76.01
12/29/2021,76.58
12/30/2021,76.83
12/31/2021,75.33
1/3/2022,75.99
1/4/2022,77
1/5/2022,77.83
1/6/2022,79.47
1/7/2022,79
1/10/2022,78.11
1/11/2022,81.17
1/12/2022,82.51
1/13/2022,81.97
1/18/2022,85.42
1/19/2022,86.84
1/20/2022,86.29
1/21/2022,85.16
1/24/2022,84.48
1/25/2022,86.61
1/26/2022,88.33
1/27/2022,87.61
1/28/2022,87.67
1/31/2022,89.16
2/1/2022,88.22
2/2/2022,88.16
2/3/2022,90.17
2/4/2022,92.27
2/7/2022,91.25
2/8/2022,89.32
2/9/2022,89.57
2/10/2022,89.83
2/11/2022,93.1
2/14/2022,95.52
2/15/2022,92.07
2/16/2022,93.83
2/17/2022,91.78
2/22/2022,92.11
2/23/2022,92.14
2/24/2022,92.77
2/25/2022,91.68
2/28/2022,96.13
3/1/2022,103.66
3/2/2022,110.74
3/3/2022,107.69
3/4/2022,115.77
3/7/2022,119.26
3/8/2022,123.64
3/9/2022,108.81
3/10/2022,105.93
3/11/2022,109.31
3/14/2022,103.22
3/15/2022,96.42
3/16/2022,94.85
3/17/2022,102.97
3/18/2022,104.69
3/21/2022,112.14
3/22/2022,111.03
3/23/2022,114.89
3/24/2022,114.2
3/25/2022,116.2
3/28/2022,107.55
3/29/2022,104.25
3/30/2022,107.81
3/31/2022,100.53
4/1/2022,99.32
4/4/2022,103.29
4/5/2022,101.98
4/6/2022,96.39
4/7/2022,96.05
4/8/2022,98.35
4/11/2022,94.22
4/12/2022,100.52
4/13/2022,104.26
4/14/2022,106.84
4/18/2022,108.24
4/19/2022,102.54
4/20/2022,102.56
4/21/2022,103.89
4/22/2022,102.86
4/25/2022,99.6
4/26/2022,102.62
4/27/2022,101.96
4/28/2022,105.47
4/29/2022,104.59
5/2/2022,105.18
5/3/2022,102.53
5/4/2022,107.84
5/5/2022,108.17
5/6/2022,109.72
5/9/2022,103.08
5/10/2022,99.74
5/11/2022,105.5
5/12/2022,106.15
5/13/2022,110.52
5/16/2022,114.07
5/17/2022,112.31
5/18/2022,109.67
5/19/2022,112.21
5/20/2022,112.63
5/23/2022,110.32
5/24/2022,112.55
5/25/2022,112.88
5/26/2022,116.19
5/31/2022,114.38
6/1/2022,115.26
6/2/2022,116.88
6/3/2022,118.97
6/6/2022,118.41
6/7/2022,119.55
6/8/2022,121.94
6/9/2022,121.52
6/10/2022,120.73
6/13/2022,120.92
6/14/2022,118.92
6/15/2022,115.32
6/16/2022,117.56
6/21/2022,110.49
6/22/2022,106.22
6/23/2022,105.75
6/24/2022,109.07
6/27/2022,111.44
6/28/2022,113.66
6/29/2022,111.65
6/30/2022,107.76
7/5/2022,101.55
7/6/2022,100.31
7/7/2022,104.62
7/8/2022,106.78
7/11/2022,106.09
7/12/2022,97.69
7/13/2022,98.44
7/14/2022,97.79
7/15/2022,99.59
7/18/2022,104.48
7/19/2022,106.12
7/20/2022,104.45
7/21/2022,98.44
7/22/2022,97.71
7/25/2022,99.83
7/26/2022,97.74
7/27/2022,100.03
7/28/2022,99.11
7/29/2022,101.31
8/1/2022,96.59
8/2/2022,97.14
8/3/2022,93.25
8/4/2022,91.29
8/5/2022,91.77
8/8/2022,93.52
8/9/2022,93.18
8/10/2022,94.68
8/11/2022,97.02
8/12/2022,94.86
8/15/2022,92.24
8/16/2022,89.23
8/17/2022,90.85
8/18/2022,93.2
8/19/2022,93.55
8/22/2022,93.42
8/23/2022,96.46
8/24/2022,95.52
8/25/2022,93.33
8/26/2022,93.63
8/29/2022,97.4
8/30/2022,92.08
8/31/2022,90.09
9/1/2022,87.09
9/6/2022,87.35
9/7/2022,82.5
9/8/2022,84.04
9/9/2022,87.27
9/12/2022,88.18
9/13/2022,87.84
9/14/2022,88.88
9/15/2022,85.72
9/16/2022,85.57
9/19/2022,86.15
9/20/2022,84.69
9/21/2022,83.38
9/22/2022,84.02
9/23/2022,79.07
9/26/2022,77.17
9/27/2022,78.91
9/28/2022,82.61
9/29/2022,81.78
9/30/2022,79.91
10/3/2022,84.05
10/4/2022,86.87
10/5/2022,88.22
10/6/2022,88.9
10/7/2022,93.07
10/10/2022,91.6
10/11/2022,89.75
10/12/2022,87.83
10/13/2022,89.59
10/14/2022,86.1
10/17/2022,86
10/18/2022,83.29
10/19/2022,86
10/20/2022,86.02
10/21/2022,85.47
10/24/2022,86.12
10/25/2022,86.93
10/26/2022,89.39
10/27/2022,89.06
10/28/2022,87.85
10/31/2022,86.54
11/1/2022,88.36
11/2/2022,90.06
11/3/2022,88.14
11/4/2022,92.58
11/7/2022,91.8
11/8/2022,88.8
11/9/2022,85.79
11/10/2022,86.52
11/11/2022,89.14
11/14/2022,85.85
11/15/2022,86.87
11/16/2022,85.62
11/17/2022,81.69
11/18/2022,80.07
11/21/2022,79.74
11/22/2022,80.83
11/25/2022,76.45
11/28/2022,77.1
11/29/2022,77.96
11/30/2022,80.48
12/1/2022,81.06
12/2/2022,79.86
12/5/2022,76.83
12/6/2022,74.21
12/7/2022,71.93
12/8/2022,71.3
12/9/2022,71.05
12/12/2022,72.96
12/13/2022,75.44
12/14/2022,77.14
12/15/2022,75.89
12/16/2022,74.19
12/19/2022,75.05
12/20/2022,75.92
12/21/2022,78.17
12/22/2022,77.68
12/23/2022,79.57
12/27/2022,79.45
12/28/2022,78.89
12/29/2022,78.43
12/30/2022,80.16
1/3/2023,76.87
1/4/2023,72.82
1/5/2023,73.61
1/6/2023,73.77
1/9/2023,74.69
1/10/2023,75.11
1/11/2023,77.46
1/12/2023,78.32
1/17/2023,80.25
1/18/2023,79.53
1/19/2023,80.31
1/20/2023,81.27
1/23/2023,81.62
1/24/2023,79.86
1/25/2023,79.78
1/26/2023,80.64
1/27/2023,79.73
1/30/2023,77.97
1/31/2023,78.95
2/1/2023,76.34
2/2/2023,75.87
2/3/2023,73.4
2/6/2023,74.11
2/7/2023,77.17
2/8/2023,78.47
2/9/2023,78.04
2/10/2023,79.74
2/13/2023,80.14
2/14/2023,79.08
2/15/2023,78.57
2/16/2023,78.45
2/21/2023,76.28
2/22/2023,73.95
2/23/2023,75.26
2/24/2023,76.19
2/27/2023,75.57
2/28/2023,76.88
3/1/2023,77.57
3/2/2023,78.05
3/3/2023,79.62
3/6/2023,80.39
3/7/2023,77.45
3/8/2023,76.56
3/9/2023,75.6
3/10/2023,76.55
3/13/2023,74.68
3/14/2023,71.18
3/15/2023,67.38
3/16/2023,68.15
3/17/2023,66.61
3/20/2023,67.56
3/21/2023,69.4
3/22/2023,70.71
3/23/2023,69.77
3/24/2023,69.22
3/27/2023,72.87
3/28/2023,73.12
3/29/2023,72.95
3/30/2023,74.32
3/31/2023,75.68
4/3/2023,80.4
4/4/2023,80.7
4/5/2023,80.69
4/6/2023,80.7
4/10/2023,79.79
4/11/2023,81.54
4/12/2023,83.26
4/13/2023,82.16
4/14/2023,82.58
4/17/2023,80.93
4/18/2023,80.85
4/19/2023,79.18
4/20/2023,77.27
4/21/2023,77.86
4/24/2023,78.64
4/25/2023,77.05
4/26/2023,74.33
4/27/2023,74.77
4/28/2023,76.78
5/1/2023,75.65
5/2/2023,71.71
5/3/2023,68.62
5/4/2023,68.52
5/5/2023,71.32
5/8/2023,73.13
5/9/2023,73.68
5/10/2023,72.53
5/11/2023,70.81
5/12/2023,70.02
5/15/2023,71.07
5/16/2023,70.85
5/17/2023,72.78
5/18/2023,71.82
5/19/2023,71.57
5/22/2023,71.81
5/23/2023,72.87
5/24/2023,74.37
5/25/2023,71.68
5/26/2023,72.35
5/30/2023,69.45
5/31/2023,68.11
6/1/2023,70.09
6/2/2023,71.76
6/5/2023,72.14
6/6/2023,71.71
6/7/2023,72.52
6/8/2023,71.28
6/9/2023,70.16
6/12/2023,67.08
6/13/2023,69.39
6/14/2023,68.22
6/15/2023,70.61
6/20/2023,70.94
6/21/2023,72.55
6/22/2023,69.22
6/23/2023,68.91
6/26/2023,69.09
6/27/2023,67.68
6/28/2023,69.54
6/29/2023,69.85
6/30/2023,70.66
7/5/2023,71.78
7/6/2023,71.76
7/7/2023,73.91
7/10/2023,73.05
7/11/2023,74.87
7/12/2023,75.77
7/13/2023,76.86
7/14/2023,75.44
7/17/2023,74.17
7/18/2023,75.76
7/19/2023,75.4
7/20/2023,75.65
7/21/2023,77.06
7/24/2023,78.81
7/25/2023,79.76
7/26/2023,79.11
7/27/2023,80.17
7/28/2023,80.55
7/31/2023,81.8
8/1/2023,81.37
8/2/2023,79.5
8/3/2023,81.56
8/4/2023,82.76
8/7/2023,81.94
8/8/2023,82.94
8/9/2023,84.35
8/10/2023,82.81
8/11/2023,83.17
8/14/2023,82.5
8/15/2023,81.06
8/16/2023,79.4
8/17/2023,80.43
8/18/2023,81.25
8/21/2023,80.71
8/22/2023,80.25
8/23/2023,78.91
8/24/2023,79.52
8/25/2023,80.47
8/28/2023,80.65
8/29/2023,81.14
8/30/2023,81.64
8/31/2023,83.55
9/5/2023,86.74
9/6/2023,87.55
9/7/2023,86.87
9/8/2023,87.51
9/11/2023,87.3
9/12/2023,88.87
9/13/2023,88.59
9/14/2023,90.13
9/15/2023,90.83
9/18/2023,91.47
9/19/2023,91.16
9/20/2023,89.2
9/21/2023,89.56
9/22/2023,90
9/25/2023,89.68
9/26/2023,91.43
9/27/2023,93.67
9/28/2023,91.65
9/29/2023,90.77
10/2/2023,88.81
10/3/2023,89.26
10/4/2023,84.32
10/5/2023,82.3
10/6/2023,82.83
10/10/2023,85.89
10/11/2023,83.7
10/12/2023,82.87
10/13/2023,87.67
10/16/2023,86.65
10/17/2023,86.66
10/18/2023,88.35
10/19/2023,89.35
10/20/2023,89.12
10/23/2023,85.49
10/24/2023,84.58
10/25/2023,86.07
10/26/2023,83.8
10/27/2023,86.04
10/30/2023,83.03
10/31/2023,81.64
11/1/2023,81.05
11/2/2023,83.04
11/3/2023,81.19
11/6/2023,81.54
11/7/2023,77.96
11/8/2023,75.85
11/9/2023,76.34
11/13/2023,78.86
11/14/2023,78.9
11/15/2023,77.15
11/16/2023,73.5
11/17/2023,76.47
11/20/2023,78.1
11/21/2023,78.35
11/24/2023,74.83
11/27/2023,74.46
11/28/2023,76.09
11/29/2023,77.56
11/30/2023,75.66
12/1/2023,73.7
12/4/2023,72.73
12/5/2023,71.95
12/6/2023,68.98
12/7/2023,69
12/8/2023,70.87
12/11/2023,70.95
12/12/2023,68.27
12/13/2023,69.09
12/14/2023,71.21
12/15/2023,71.05
12/18/2023,72.16
12/19/2023,73.23
12/20/2023,73.87
12/21/2023,73.59
12/22/2023,73.29
12/26/2023,75.84
12/27/2023,74.31
12/28/2023,72.02
12/29/2023,71.89
1/2/2024,70.62
1/3/2024,72.97
1/4/2024,72.38
1/5/2024,74
1/8/2024,71.06