Uniform Calendar k,coef(a),std err(a),z(a),P>|z|(a),95% CI Lower(a),95% CI Upper(a),coef(b),std err(b),z(b),P>|z|(b),95% CI Lower(b),95% CI Upper(b),Wald Test Result,T-Test coef,T-Test std err,T-Test t,T-Test P>|t|,T-Test 95% CI Lower,T-Test 95% CI Upper
1,-0.0012961334712643059,0.0011790367254923195,-1.0993156050530075,0.27163042800125436,-0.00360700298967929,0.0010147360471506784,1.3173556749972706,0.24904912250801572,5.2895415239010575,1.226233422921851e-07,0.829228364500256,1.805482985494285,0.43720833620363597,-0.0012961334712643059,0.0011790367254923195,-1.0993156050530075,0.27163042800125436,-0.00360700298967929,0.0010147360471506784
2,-0.0026515923912585294,0.0029326199040469016,-0.9041718592987229,0.36590427940691606,-0.008399421783535765,0.0030962370010187068,0.15988489399923195,0.24952517587635342,0.6407565626903287,0.5216808585306587,-0.32917546395444347,0.6489452519529073,0.0033087204186387827,-0.0026515923912585294,0.0029326199040469016,-0.9041718592987228,0.36590427940691606,-0.008399421783535765,0.0030962370010187068
3,-0.0019053278734480219,0.0029842401327230153,-0.6384633235628651,0.5231721214569669,-0.007754331054804163,0.003943675307908118,1.1345508376736944,0.04995808622148277,22.710054036974288,3.564039901107487e-114,1.0366347879430413,1.2324668874043474,0.025973065088790027,-0.0019053278734480219,0.0029842401327230153,-0.6384633235628651,0.5231721214569669,-0.007754331054804163,0.003943675307908118
4,-0.0010118721702770733,0.0033546315806336734,-0.3016343660861666,0.762930807127921,-0.007586829249719747,0.005563084909165601,1.477436673924904,0.4194010951640846,3.522729651783285,0.0004271268131749269,0.6554256323266424,2.299447715523166,0.4679607614744833,-0.0010118721702770733,0.0033546315806336734,-0.30163436608616667,0.7629308071279209,-0.007586829249719747,0.005563084909165601
5,-0.004456838997597529,0.006043780446126895,-0.7374256952787979,0.46086351430315997,-0.016302431002473663,0.007388753007278605,2.073491319577634,1.0946456780099056,1.8942123110989624,0.058196834667563056,-0.07197478515420963,4.218957424309478,0.591430813843135,-0.004456838997597529,0.006043780446126895,-0.7374256952787979,0.46086351430315997,-0.016302431002473663,0.007388753007278605
6,-0.005747895794191872,0.005870331469276416,-0.9791433114594404,0.3275091738923597,-0.017253534051285747,0.005757742462902002,1.5942314076452702,0.23367247676904204,6.822504000849795,8.94671374338478e-12,1.1362417689996753,2.0522210462908648,0.00942616746481362,-0.005747895794191872,0.005870331469276416,-0.9791433114594406,0.3275091738923598,-0.017253534051285747,0.005757742462902002
7,-0.008453903208731985,0.007523225958384632,-1.1237072042625695,0.2611372591411757,-0.023199155134722697,0.006291348717258725,1.0589483122988128,0.4858200674378618,2.1797129910329534,0.0292787429838424,0.1067584771537834,2.0111381474438423,0.13975336105354333,-0.008453903208731985,0.007523225958384632,-1.1237072042625698,0.2611372591411756,-0.023199155134722697,0.006291348717258725
8,-0.006481234986650934,0.007242991535513032,-0.8948284634702198,0.3708787922659116,-0.02067723753658494,0.007714767563283073,2.479534261435933,1.2755441046354787,1.9439031958401212,0.051907125806534976,-0.02048624434199553,4.979554767213862,0.4763854556320619,-0.006481234986650934,0.007242991535513032,-0.8948284634702197,0.3708787922659118,-0.02067723753658494,0.007714767563283073
9,-0.007019170245307126,0.0068729509494878036,-1.021274601971402,0.3071243559836244,-0.02048990657381359,0.006451566083199338,1.4585464726936486,0.5894106456626402,2.4745845420791293,0.013339124585401674,0.3033228350903743,2.613770110296923,0.5922445160015992,-0.007019170245307126,0.0068729509494878036,-1.021274601971402,0.3071243559836244,-0.02048990657381359,0.006451566083199338
10,-0.005388908515232759,0.005920672996879681,-0.9101851289663906,0.3627248854182705,-0.01699321435335576,0.006215397322890245,1.9793307729267884,0.5980770447019489,3.309491294575912,0.0009346567253804477,0.8071213053308166,3.15154024052276,0.18929790855486972,-0.005388908515232759,0.005920672996879681,-0.9101851289663906,0.3627248854182705,-0.01699321435335576,0.006215397322890245
11,-0.0034470324677369356,0.004734769475774201,-0.7280254055395796,0.46659803451965154,-0.012727010115353961,0.005832945179880091,-0.2779790047599863,1.03945731224437,-0.26742705206410167,0.7891403731312263,-2.315277900225757,1.7593198907057843,0.42331342730781074,-0.0034470324677369356,0.004734769475774201,-0.7280254055395796,0.46659803451965154,-0.012727010115353961,0.005832945179880091
12,-0.0050009839136477465,0.004726278825507978,-1.0581229119740398,0.28999941000487417,-0.014264320192537651,0.004262352365242158,1.5341733549040426,0.45492014545290205,3.3724014428437217,0.0007451575019687494,0.6425462539746317,2.4258004558334534,0.42246608435361777,-0.0050009839136477465,0.004726278825507978,-1.0581229119740398,0.28999941000487417,-0.014264320192537651,0.004262352365242158
13,-0.003995586056122786,0.005462915463276367,-0.7314017730976281,0.46453378257019284,-0.01470270361473141,0.006711531502485839,2.6256148532624994,1.290479505278233,2.034604069668201,0.04189072755818882,0.0963215001300961,5.154908206394903,0.3573221091593436,-0.003995586056122786,0.005462915463276367,-0.7314017730976282,0.46453378257019284,-0.01470270361473141,0.006711531502485839
14,-0.005761640062725241,0.005566705734667652,-1.0350178970020996,0.30066055318930685,-0.01667218281520642,0.005148902689755939,1.1662470917019945,0.3033844941802094,3.844122274124028,0.00012098467529679203,0.5716244096408825,1.7608697737631065,0.5724448246528033,-0.005761640062725241,0.005566705734667652,-1.0350178970020996,0.30066055318930685,-0.01667218281520642,0.005148902689755939
15,-0.013750266930054345,0.008459978421604251,-1.6253312059213154,0.10409200560914043,-0.030331519946384694,0.0028309860862760026,3.37893826433986,0.816492737839854,4.138356788425718,3.498021087737539e-05,1.778641904535242,4.979234624144478,0.012052740606742171,-0.013750266930054345,0.008459978421604251,-1.6253312059213154,0.10409200560914043,-0.030331519946384694,0.0028309860862760026
16,-0.023356197223169662,0.010836632182357704,-2.155300358094105,0.03113833780204599,-0.04459560601429845,-0.0021167884320408732,3.493881781575149,0.5647125413182444,6.187009364833935,6.131632380231328e-10,2.387065538973303,4.600698024176995,3.4590384792159336e-09,-0.023356197223169662,0.010836632182357704,-2.155300358094105,0.03113833780204599,-0.04459560601429845,-0.0021167884320408732
17,-0.010902200779417425,0.006460058473787687,-1.687631903589443,0.091481911030165,-0.02356368272606408,0.0017592811672292302,1.4370228941444168,0.3046615056872172,4.716785243028852,2.396003653861259e-06,0.8398973155217261,2.0341484727671073,0.172694622708274,-0.010902200779417425,0.006460058473787687,-1.6876319035894427,0.09148191103016505,-0.02356368272606408,0.0017592811672292302
18,-0.033207648392632336,0.015318353574103613,-2.1678340450876785,0.03017131549921449,-0.06323106970032583,-0.0031842270849388385,3.188752275476374,1.4585288857930296,2.186279823825765,0.02879513932727243,0.3300881889107026,6.047416362042046,0.05671312009249969,-0.033207648392632336,0.015318353574103613,-2.167834045087679,0.030171315499214445,-0.06323106970032583,-0.0031842270849388385
19,0.0024654386475955734,0.006441056842851475,0.38276927338901057,0.7018908458814894,-0.010158800786768585,0.015089678081959731,-1.1471708880690747,1.1621391150235267,-0.9871201074286627,0.32358376154320745,-3.4249216985404383,1.1305799224022888,0.0650268406572274,0.0024654386475955734,0.006441056842851475,0.38276927338901057,0.7018908458814894,-0.010158800786768585,0.015089678081959731
20,-9.40426868093298e-05,0.00825455803403005,-0.011392819145692791,0.9909100421405832,-0.016272679141803983,0.016084593768185322,0.3405376398253931,0.36701565701670014,0.9278558920168841,0.353482326885159,-0.3787998296896443,1.0598751093404304,0.0813829575388516,-9.40426868093298e-05,0.00825455803403005,-0.011392819145692791,0.9909100421405832,-0.016272679141803983,0.016084593768185322
21,-0.008509578577308302,0.007881533821909328,-1.079685600492269,0.28028220824805883,-0.02395710101118491,0.006937943856568306,2.0360476305879023,0.6016884717601599,3.383890046341946,0.0007146661715891942,0.8567598960250433,3.2153353651507612,0.12011997194192377,-0.008509578577308302,0.007881533821909328,-1.079685600492269,0.28028220824805883,-0.02395710101118491,0.006937943856568306
22,-0.007597759838346231,0.007795820294751167,-0.9745940197546257,0.32976168122217153,-0.022877286846004947,0.007681767169312486,-0.16393073316160536,0.4284708980555921,-0.38259478976407896,0.7020202340280692,-1.003718261774099,0.6758567954508882,8.427822762072371e-05,-0.007597759838346231,0.007795820294751167,-0.9745940197546258,0.3297616812221714,-0.022877286846004947,0.007681767169312486
23,-0.011208303331605437,0.00828604118730347,-1.3526728962896888,0.17616015291493303,-0.027448645633135746,0.005032038969924872,1.9720770518600437,0.6587461143714266,2.993683012068759,0.002756321468733078,0.6809583927363443,3.263195710983743,0.1655190538322911,-0.011208303331605437,0.00828604118730347,-1.3526728962896888,0.17616015291493303,-0.027448645633135746,0.005032038969924872
24,-0.007561585588734233,0.006388080630049463,-1.1837022772011698,0.23653093722851437,-0.020081993553969116,0.004958822376500651,1.1143115071422498,0.38561435050817383,2.8897044564699876,0.003856041624691427,0.3585212682244244,1.870101746060075,0.4866277282489957,-0.007561585588734233,0.006388080630049463,-1.1837022772011698,0.23653093722851437,-0.020081993553969116,0.004958822376500651
25,-0.005977505976406747,0.006706165923360157,-0.8913447780325258,0.37274423320973127,-0.01912134966054245,0.007166337707728956,-1.1939042397082846,0.5714781429172623,-2.0891511854043667,0.03669411599618119,-2.3139808177779524,-0.07382766163861687,8.364025746586315e-06,-0.005977505976406747,0.006706165923360157,-0.8913447780325258,0.37274423320973127,-0.01912134966054245,0.007166337707728956
26,0.0012188796959472588,0.0083277314580335,0.146363953027261,0.8836340821340889,-0.015103174034719632,0.01754093342661415,-0.20824262670909477,0.36658824570216136,-0.5680559296445195,0.5699969911426747,-0.9267423854410513,0.5102571320228617,0.0002198767315138484,0.0012188796959472588,0.0083277314580335,0.146363953027261,0.8836340821340889,-0.015103174034719632,0.01754093342661415
27,-0.007631349215292912,0.009398664305396038,-0.8119610369434664,0.4168139890952066,-0.026052392756651308,0.010789694326065486,1.594054016757496,0.19745803286640137,8.072874998385206,6.866189296548064e-16,1.207043383881223,1.981064649633769,0.01052952074685342,-0.007631349215292912,0.009398664305396038,-0.8119610369434664,0.4168139890952066,-0.026052392756651308,0.010789694326065486
28,-0.02043411119294401,0.006696088433024773,-3.051648943607733,0.002275881043442052,-0.03355820335896781,-0.007310019026920208,1.327491289470317,0.053482574793394036,24.82100561909154,5.319154714030513e-136,1.222667369074795,1.4323152098658392,3.929120701429697e-09,-0.02043411119294401,0.006696088433024773,-3.051648943607733,0.002275881043442052,-0.03355820335896781,-0.007310019026920208
29,-0.021789833002463024,0.008353118146942723,-2.6085867120696955,0.009091697390055825,-0.038161643729078716,-0.005418022275847333,0.22594391062136465,0.30408369334143553,0.7430319861567425,0.457462315273241,-0.37004917661377124,0.8219369978565005,0.009965292344986516,-0.021789833002463024,0.008353118146942723,-2.608586712069695,0.009091697390055846,-0.038161643729078716,-0.005418022275847333
30,-0.02078382417881668,0.01023560684973172,-2.0305414699824498,0.04230153029197659,-0.04084524496420233,-0.0007224033934310273,0.5769799812185625,0.2984506295576884,1.9332510106400573,0.0532052835626193,-0.00797250387781212,1.161932466314937,0.12618050993596755,-0.02078382417881668,0.01023560684973172,-2.0305414699824498,0.04230153029197659,-0.04084524496420233,-0.0007224033934310273
31,-0.01266585585922158,0.005230373305105668,-2.4215969148622163,0.015452480051545252,-0.022917199162928416,-0.0024145125555147424,0.9713034001545228,0.23241437272703255,4.17918818340596,2.9255153699848368e-05,0.5157796001200707,1.4268272001889748,0.04796148777808319,-0.01266585585922158,0.005230373305105668,-2.4215969148622163,0.015452480051545252,-0.022917199162928416,-0.0024145125555147424
32,0.005060526411771366,0.0078646683750226,0.6434507051617194,0.5199316911494357,-0.01035394035362408,0.020474993177166813,-0.6562878964494534,0.48660599426258194,-1.3487049156556585,0.1774317659954734,-1.6100181198654182,0.2974423269665114,0.0013693778701105947,0.005060526411771366,0.0078646683750226,0.6434507051617194,0.5199316911494357,-0.01035394035362408,0.020474993177166813
33,-0.016908664965439094,0.00888289274475312,-1.9035088513735097,0.05697417982557165,-0.03431881482368736,0.0005014848928091703,2.01482704992147,0.4061017139433534,4.9613852410446,6.999221785808407e-07,1.2188823165325098,2.81077178331043,0.006306973811589515,-0.016908664965439094,0.00888289274475312,-1.9035088513735097,0.05697417982557165,-0.03431881482368736,0.0005014848928091703
34,-0.0017217575088467225,0.008915508487445236,-0.1931193841911867,0.8468654720179447,-0.019195833048100557,0.015752318030407112,0.19053184325043188,0.3997573773041642,0.47661870441345605,0.6336336617733098,-0.5929782188199195,0.9740419053207834,0.002489589395219556,-0.0017217575088467225,0.008915508487445236,-0.1931193841911867,0.8468654720179447,-0.019195833048100557,0.015752318030407112
35,-0.012246320262083315,0.00987431213051178,-1.240220088267414,0.2148940002054296,-0.03159961640999337,0.007106975885826743,2.5004178191606563,0.3035872013506839,8.236242529448198,1.77703517436418e-16,1.9053978383460062,3.0954377999753064,8.934578609139e-09,-0.012246320262083315,0.00987431213051178,-1.2402200882674137,0.2148940002054296,-0.03159961640999337,0.007106975885826743
36,-0.02393488624954123,0.012757216405715312,-1.8761840740444171,0.06063000817310627,-0.04893857094772676,0.001068798448644298,1.898772627350988,0.2527089709503777,7.513673219475195,5.749098583718386e-14,1.403472145718069,2.394073108983907,0.0005668329281100053,-0.02393488624954123,0.012757216405715312,-1.8761840740444171,0.06063000817310627,-0.04893857094772676,0.001068798448644298
37,-0.013990710803799308,0.008965755686710673,-1.5604608571407743,0.11865101306647266,-0.03156326904393741,0.0035818474363387906,0.6327706772584165,0.22169347963461858,2.8542593056923002,0.004313730571332413,0.19825944156720016,1.067281912949633,0.012997878767546824,-0.013990710803799308,0.008965755686710673,-1.560460857140774,0.1186510130664727,-0.03156326904393741,0.0035818474363387906
38,-0.0160603713136605,0.005156143424846432,-3.114803059253309,0.001840677613265995,-0.026166226725482515,-0.005954515901838488,1.6079002845609074,0.20308932590053785,7.917207255630805,2.4290466610852408e-15,1.2098525201513355,2.0059480489704793,1.6155250994885565e-06,-0.0160603713136605,0.005156143424846432,-3.114803059253309,0.001840677613265995,-0.026166226725482515,-0.005954515901838488
39,-0.033713900780982416,0.009940975850940005,-3.391407572707711,0.0006953461198009533,-0.05319785542000724,-0.014229946141957588,2.6136750369281554,0.31010482586446253,8.428359763967407,3.505439316013896e-17,2.005880746801744,3.221469327054567,3.418415785935058e-07,-0.033713900780982416,0.009940975850940005,-3.391407572707711,0.0006953461198009533,-0.05319785542000724,-0.014229946141957588
40,-0.014482102757145735,0.004751367981468958,-3.0479859302895695,0.0023038071365239082,-0.023794612878121665,-0.005169592636169803,1.585965109543611,0.0889311644040387,17.833625818033102,3.874589183045154e-71,1.4116632302084846,1.7602669888787372,1.8656143629136067e-13,-0.014482102757145735,0.004751367981468958,-3.0479859302895695,0.0023038071365239082,-0.023794612878121665,-0.005169592636169803
41,-0.007655369112399232,0.009921271519462167,-0.7716116928542875,0.4403444467830552,-0.027100703971388057,0.011789965746589595,2.2545669043180787,0.2606431377119134,8.650014437786703,5.149291576461433e-18,1.743715741585215,2.7654180670509425,1.044971078835658e-11,-0.007655369112399232,0.009921271519462167,-0.7716116928542875,0.4403444467830552,-0.027100703971388057,0.011789965746589595
42,-0.01904335456847305,0.009481473668400322,-2.00848045720365,0.04459226071360199,-0.03762670147890255,-0.0004600076580435486,1.7990934122176134,0.26702907727188496,6.7374438416899585,1.6119721060467105e-11,1.275726037939756,2.322460786495471,0.00877284151587531,-0.01904335456847305,0.009481473668400322,-2.00848045720365,0.04459226071360199,-0.03762670147890255,-0.0004600076580435486
43,-0.01661873206723857,0.0064350486717618454,-2.5825340125498295,0.009807769414814082,-0.029231195702654096,-0.004006268431823041,-0.05703953784189263,0.44848719993815095,-0.1271820864670357,0.8987962831670528,-0.9360582972478828,0.8219792215640975,0.009296139232451055,-0.01661873206723857,0.0064350486717618454,-2.5825340125498295,0.009807769414814082,-0.029231195702654096,-0.004006268431823041
44,-0.0226098704601307,0.007521679009711307,-3.005960561589892,0.002647433326111394,-0.037352090422435764,-0.00786765049782564,0.5607530863845285,0.16590570724078374,3.379950549685981,0.0007249887253560429,0.23558387536294628,0.8859222974061107,0.0014654637733010915,-0.0226098704601307,0.007521679009711307,-3.0059605615898914,0.0026474333261114025,-0.037352090422435764,-0.00786765049782564
45,-0.008155823291241579,0.007342066291335789,-1.11083487503594,0.2666394318920946,-0.022546008794365288,0.006234362211882132,1.527797772186358,0.1943344209669994,7.861694107426284,3.789725908171131e-15,1.1469093061345936,1.9086862382381224,0.024764705355081653,-0.008155823291241579,0.007342066291335789,-1.11083487503594,0.2666394318920946,-0.022546008794365288,0.006234362211882132
46,-0.020858749292572004,0.010735974169544055,-1.9428837069806264,0.05203021095461083,-0.041900872003830664,0.00018337341868665882,3.733813432341002,0.47062512024723796,7.9337316936662505,2.1265726422286363e-15,2.8114051464365835,4.656221718245421,5.240609978561621e-09,-0.020858749292572004,0.010735974169544055,-1.9428837069806262,0.05203021095461083,-0.041900872003830664,0.00018337341868665882
47,-0.030020887083887823,0.008629263353484037,-3.4789629026406974,0.0005033582626783069,-0.04693393246982787,-0.013107841697947781,3.2391900934267897,0.34988290386887344,9.257926173611358,2.0844119361877878e-20,2.5534322030375076,3.9249479838160717,1.2869822568667205e-10,-0.030020887083887823,0.008629263353484037,-3.4789629026406974,0.0005033582626783069,-0.04693393246982787,-0.013107841697947781
48,-0.019626871013688436,0.009077055109814363,-2.1622509477184204,0.03059883842579574,-0.03741757211460985,-0.0018361699127670203,2.080695889162535,0.10422513625610522,19.963474876634223,1.1446905059352973e-88,1.8764183758167892,2.2849734025082813,8.47373832600295e-36,-0.019626871013688436,0.009077055109814363,-2.1622509477184204,0.03059883842579574,-0.03741757211460985,-0.0018361699127670203
49,-0.02601031068945545,0.010877551304357974,-2.3911917270419765,0.0167937804649735,-0.047329919485983765,-0.0046907018929271335,2.3509469395363185,0.35290755096737564,6.661650999226284,2.7076840462380786e-11,1.6592608497680288,3.042633029304608,0.00019960294835686337,-0.02601031068945545,0.010877551304357974,-2.391191727041977,0.016793780464973474,-0.047329919485983765,-0.0046907018929271335
50,-0.027629772877471506,0.010710598015551225,-2.5796666850305208,0.009889571830821868,-0.048622159240838084,-0.006637386514104931,1.4831721825697788,0.04842645087874737,30.627315354648253,5.299218640394928e-206,1.388258082948336,1.5780862821912216,1.7337447946327073e-56,-0.027629772877471506,0.010710598015551225,-2.5796666850305208,0.009889571830821868,-0.048622159240838084,-0.006637386514104931
51,-0.02048327857006189,0.011354162655256007,-1.8040325114225737,0.07122621040720745,-0.042737028448973334,0.0017704713088495527,1.0332234459490404,0.21429212634645875,4.8215651389756005,1.424361923219691e-06,0.6132185961394744,1.4532282957586062,0.051507822689323704,-0.02048327857006189,0.011354162655256007,-1.8040325114225737,0.07122621040720745,-0.042737028448973334,0.0017704713088495527
52,-0.018281406435487542,0.005972306627610502,-3.061029443962402,0.0022057740201344243,-0.029986912330233994,-0.00657590054074109,2.204910610375788,0.33547275076528904,6.57254756264373,4.946158003590671e-11,1.5473961010812398,2.8624251196703363,8.442143737459128e-05,-0.018281406435487542,0.005972306627610502,-3.0610294439624015,0.0022057740201344243,-0.029986912330233994,-0.00657590054074109
53,-0.022225689690208585,0.008460984020659637,-2.626844541478737,0.00861806964913179,-0.03880891364447037,-0.005642465735946796,1.4471922769101646,0.12615891503888935,11.471185183100676,1.8412012285748042e-30,1.1999253471052929,1.6944592067150364,3.1302720865658613e-06,-0.022225689690208585,0.008460984020659637,-2.626844541478737,0.00861806964913179,-0.03880891364447037,-0.005642465735946796
54,-0.025834697993355287,0.010039559529770972,-2.5732899851578095,0.010073676394223022,-0.04551187309235227,-0.006157522894358301,2.1419671077526483,0.0967712539527848,22.134332461969805,1.4768348940029658e-108,1.9522989352664109,2.3316352802388858,6.008066319461631e-36,-0.025834697993355287,0.010039559529770972,-2.573289985157809,0.010073676394223033,-0.04551187309235227,-0.006157522894358301
55,-0.02801017965414125,0.009963456597371198,-2.8112913806972952,0.00493430778212235,-0.0475381957465168,-0.008482163561765708,2.5893602682030012,0.11896134534648999,21.76640034341543,4.831148706175915e-105,2.3562003157714493,2.822520220634553,9.349267058964968e-41,-0.02801017965414125,0.009963456597371198,-2.8112913806972952,0.00493430778212235,-0.0475381957465168,-0.008482163561765708
56,-0.03176391351122889,0.011570450088970487,-2.7452617026115336,0.0060462660483553135,-0.05444157897052931,-0.009086248051928474,2.5674585363955096,0.15569558630048086,16.490246110384312,4.311895670959804e-61,2.262300794694719,2.8726162780963,9.681007649080239e-23,-0.03176391351122889,0.011570450088970487,-2.7452617026115336,0.0060462660483553135,-0.05444157897052931,-0.009086248051928474
57,-0.038402382855679505,0.01546852665816634,-2.4826141302478626,0.013042228068775611,-0.06872013799958325,-0.008084627711775757,2.7560241099523783,0.43604770660850556,6.320464637661321,2.6077800373567936e-10,1.9013863094584194,3.6106619104463373,0.00023033834487109494,-0.038402382855679505,0.01546852665816634,-2.4826141302478626,0.013042228068775611,-0.06872013799958325,-0.008084627711775757
58,-0.04520086142490201,0.009578093493446753,-4.719191920169504,2.367833494915458e-06,-0.06397357971261508,-0.026428143137188945,1.440150760458432,0.3237668466467921,4.448110655472825,8.662890136087314e-06,0.8055794016426168,2.0747221192742473,5.2847933202395624e-08,-0.04520086142490201,0.009578093493446753,-4.719191920169504,2.367833494915458e-06,-0.06397357971261508,-0.026428143137188945
59,-0.019126578002166977,0.0092996877279539,-2.0566903493624267,0.03971602106848302,-0.03735363101642575,-0.0008995249879082089,3.4545132271825154,0.5476454506476887,6.307937412968438,2.827785126258654e-10,2.381147867615838,4.527878586749193,4.195457664598677e-08,-0.019126578002166977,0.0092996877279539,-2.0566903493624267,0.03971602106848302,-0.03735363101642575,-0.0008995249879082089
60,-0.025183248912477873,0.009494269799727284,-2.6524682196414138,0.00799056497132771,-0.04379167577944966,-0.006574822045506086,2.325903607897666,0.09784771304190855,23.770648649718286,6.721175575622339e-125,2.134125614365915,2.5176816014294165,3.500064832257861e-74,-0.025183248912477873,0.009494269799727284,-2.6524682196414138,0.00799056497132771,-0.04379167577944966,-0.006574822045506086
61,-0.020715743986115018,0.01091543016119538,-1.897840367277507,0.05771711379132827,-0.0421095939778202,0.000678106005590165,2.0056732511254416,0.14849214633533603,13.506931515395305,1.423312354423022e-41,1.7146339923211316,2.2967125099297516,5.455049309630126e-22,-0.020715743986115018,0.01091543016119538,-1.8978403672775068,0.05771711379132831,-0.0421095939778202,0.000678106005590165
62,-0.01149949832915316,0.011243287106318004,-1.0227879285134667,0.3064081267941483,-0.033535936125380014,0.01053693946707369,1.4973007003776246,0.0298699151992168,50.12738370334859,0.0,1.4387567423658942,1.555844658389355,5.152948254288289e-62,-0.01149949832915316,0.011243287106318004,-1.0227879285134667,0.3064081267941483,-0.033535936125380014,0.01053693946707369
63,-0.012977115533948947,0.011293131729154117,-1.149115749747919,0.25050825485909356,-0.03511124699575756,0.009157015927859667,0.40739480228534164,0.438984465963363,0.9280392220515207,0.3533872245704148,-0.45299894077539904,1.2677885453460824,0.002622744091887016,-0.012977115533948947,0.011293131729154117,-1.149115749747919,0.25050825485909356,-0.03511124699575756,0.009157015927859667
64,-0.012895104945606228,0.015373497974449242,-0.8387879561982508,0.40158831037325615,-0.043026607291926214,0.017236397400713754,1.6314916471650553,0.15505001502097934,10.522357233853239,6.814696502056655e-26,1.3275992019215415,1.9353840924085692,1.9595722224854792e-10,-0.012895104945606228,0.015373497974449242,-0.8387879561982508,0.40158831037325615,-0.043026607291926214,0.017236397400713754
65,-0.027227782503977435,0.01164993508300544,-2.337161736093832,0.019430775934536938,-0.05006123568889774,-0.00439432931905713,0.8018364153409102,0.16458326194549705,4.871919573488853,1.1051916090128766e-06,0.47925914946961434,1.124413681212206,0.00011862976207471653,-0.027227782503977435,0.01164993508300544,-2.337161736093832,0.019430775934536938,-0.05006123568889774,-0.00439432931905713
66,-0.03808453740056737,0.011815579233306091,-3.223247599509434,0.0012674594379271876,-0.061242647154326695,-0.01492642764680805,1.928886173226136,0.10987383419084122,17.555464296220244,5.402342636480034e-69,1.7135374153687617,2.1442349310835103,1.0100596487439022e-16,-0.03808453740056737,0.011815579233306091,-3.223247599509434,0.0012674594379271876,-0.061242647154326695,-0.01492642764680805
67,-0.008405168263171807,0.009039058134723433,-0.9298721324607322,0.3524372932638751,-0.026121396661393535,0.00931106013504992,1.7224020371850297,0.09758835962199437,17.649666864539,1.0235818999790367e-69,1.5311323670155779,1.9136717073544816,2.9714858185506527e-24,-0.008405168263171807,0.009039058134723433,-0.9298721324607322,0.3524372932638751,-0.026121396661393535,0.00931106013504992
68,-0.02107190107439127,0.00993718705747632,-2.120509652531665,0.03396308838166345,-0.040548429814682416,-0.0015953723341001272,1.6026230744160026,0.06800759614505969,23.565353949544395,8.737738582748465e-123,1.4693306352965405,1.7359155135354647,8.377817104315353e-18,-0.02107190107439127,0.00993718705747632,-2.120509652531665,0.03396308838166345,-0.040548429814682416,-0.0015953723341001272
69,-0.01575848801923673,0.01293453481180851,-1.2183266154148897,0.22309987976733137,-0.04110971040716098,0.009592734368687513,1.7826632940731504,0.07124526357285559,25.02149903972486,3.567688984252156e-138,1.64302514340129,1.9223014447450109,7.472759111711939e-54,-0.01575848801923673,0.01293453481180851,-1.21832661541489,0.22309987976733126,-0.04110971040716098,0.009592734368687513
70,-0.014584828818459234,0.01062696898300787,-1.3724354368380896,0.1699279247999872,-0.03541330528997891,0.006243647653060439,1.7237959222565733,0.15394798198799217,11.197262218033025,4.2052919638116077e-29,1.4220634220674877,2.025528422445659,8.290189165699179e-08,-0.014584828818459234,0.01062696898300787,-1.3724354368380896,0.1699279247999872,-0.03541330528997891,0.006243647653060439
71,-0.026779473801918176,0.012793656498006418,-2.0931837435287646,0.03633275535184885,-0.05185457976858759,-0.0017043678352487643,1.8807681145389261,0.13167404130328034,14.28351477575612,2.772575967559838e-46,1.6226917358856572,2.1388444931921953,1.8366527619357928e-16,-0.026779473801918176,0.012793656498006418,-2.093183743528764,0.03633275535184887,-0.05185457976858759,-0.0017043678352487643
72,-0.0204185963440637,0.010856684958877727,-1.8807395094731016,0.06000736233380372,-0.04169730785496176,0.0008601151668343639,0.8474687158329748,0.17308419446924636,4.896280208783323,9.766777324411066e-07,0.508229928380125,1.1867075032858245,0.008845321862979351,-0.0204185963440637,0.010856684958877727,-1.8807395094731016,0.06000736233380372,-0.04169730785496176,0.0008601151668343639
73,-0.02868892713574925,0.0076210456949645546,-3.7644344731727375,0.00016692643251350143,-0.043625902222413804,-0.013751952049084698,1.829031062554511,0.22378809757041876,8.17304889049774,3.006920578914637e-16,1.3904144511477545,2.2676476739612674,5.429590324423299e-05,-0.02868892713574925,0.0076210456949645546,-3.7644344731727375,0.00016692643251350143,-0.043625902222413804,-0.013751952049084698
74,-0.03367538904755856,0.009360711015543744,-3.5975246956817233,0.000321260001494538,-0.05202204550771165,-0.01532873258740547,1.7217565047480743,0.07027234444137768,24.50119628760061,1.4344052272544397e-132,1.5840252405337805,1.8594877689623681,3.427570694032827e-28,-0.03367538904755856,0.009360711015543744,-3.597524695681723,0.0003212600014945386,-0.05202204550771165,-0.01532873258740547
75,-0.02189473954962036,0.013546852121649786,-1.6162234113879097,0.10604601882560111,-0.04844608181194396,0.0046566027127032394,2.0789956015870237,0.18097803383144045,11.487557675222403,1.5235861978926987e-30,1.724285173284529,2.4337060298895183,2.780157405740846e-09,-0.02189473954962036,0.013546852121649786,-1.6162234113879097,0.10604601882560111,-0.04844608181194396,0.0046566027127032394
76,-0.01238463226535497,0.013037820571463056,-0.9499004988964358,0.3421628133194725,-0.03793829102231799,0.013169026491608046,1.7619646318482696,0.062341951117296915,28.262904838077944,9.87979648512364e-176,1.6397766529324111,1.884152610764128,2.20961782303134e-36,-0.01238463226535497,0.013037820571463056,-0.9499004988964358,0.3421628133194725,-0.03793829102231799,0.013169026491608046
77,-0.022199953528176324,0.013159509563119603,-1.6869894293320142,0.09160538455833045,-0.04799211832610117,0.00359221126974852,1.5012910019930745,0.14316060523426474,10.486760652739601,9.937721695985004e-26,1.2207013717289592,1.7818806322571898,6.941464608670823e-06,-0.022199953528176324,0.013159509563119603,-1.6869894293320145,0.09160538455833037,-0.04799211832610117,0.00359221126974852
78,-0.041332621926029,0.01600474309199462,-2.582523298777791,0.009808073943965514,-0.07270134196815468,-0.009963901883903323,2.1790534102844665,0.18370564928613614,11.861657051658861,1.8723254432425346e-32,1.8189969539270934,2.5391098666418395,9.431381531168606e-18,-0.041332621926029,0.01600474309199462,-2.5825232987777906,0.009808073943965517,-0.07270134196815468,-0.009963901883903323
79,-0.013041572551942576,0.014435467331560684,-0.9034395806105567,0.3662926412213746,-0.04133456862180604,0.015251423517920883,0.8147419535805551,0.14882581814877488,5.474466485150392,4.3883168036234704e-08,0.5230487100392488,1.1064351971218613,0.16540963627570104,-0.013041572551942576,0.014435467331560684,-0.9034395806105566,0.3662926412213746,-0.04133456862180604,0.015251423517920883
80,-0.04296313502787775,0.010963495741562863,-3.918744170712223,8.901152919793981e-05,-0.0644511918259992,-0.021475078229756285,2.0244015939497393,0.18503689006433183,10.940529714079798,7.376763354164456e-28,1.6617359536123515,2.387067234287127,1.0738380674039452e-08,-0.04296313502787775,0.010963495741562863,-3.918744170712223,8.901152919793981e-05,-0.0644511918259992,-0.021475078229756285
81,-0.04892826589454861,0.011161801861908247,-4.383545461555409,1.1676326850247527e-05,-0.07080499554646089,-0.027051536242636325,2.842358408272763,0.09293427010450434,30.584610016052622,1.9609021620955838e-205,2.660210585938417,3.024506230607109,4.008328948632788e-150,-0.04892826589454861,0.011161801861908247,-4.383545461555409,1.1676326850247527e-05,-0.07080499554646089,-0.027051536242636325
82,-0.01110292627250423,0.013326721539544572,-0.8331326080130329,0.4047699450953751,-0.037222820522005776,0.015016967976997312,1.8925448227542456,0.1158862453765464,16.33105651671469,5.934763494815186e-60,1.6654119555126434,2.119677689995848,4.22621021268529e-14,-0.01110292627250423,0.013326721539544572,-0.8331326080130329,0.4047699450953751,-0.037222820522005776,0.015016967976997312
83,-0.010995468635235452,0.015410680826896242,-0.7134966169726308,0.4755385057938617,-0.04119984803319403,0.01920891076272312,2.1270185218864155,0.076298584183585,27.87756214150073,4.992412730951289e-171,1.9774760448151916,2.2765609989576396,4.749837543467859e-54,-0.010995468635235452,0.015410680826896242,-0.7134966169726308,0.4755385057938617,-0.04119984803319403,0.01920891076272312
84,-0.03374517994083812,0.016951077335892874,-1.9907395425177348,0.04650952904478866,-0.06696868101834133,-0.000521678863334922,1.7270360370787181,0.05712068926266444,30.234859897034777,8.25112324454529e-201,1.615081543351792,1.8389905308056442,2.7968035889215354e-36,-0.03374517994083812,0.016951077335892874,-1.9907395425177348,0.04650952904478866,-0.06696868101834133,-0.000521678863334922
85,-0.030185603188461203,0.016257492539017288,-1.8567194858627212,0.06335107373449554,-0.06204970304386372,0.0016784966669413162,1.8666536700466119,0.11197158558011772,16.670780005262916,2.1378646815121367e-62,1.6471933950177367,2.086113945075487,4.625490161688234e-14,-0.030185603188461203,0.016257492539017288,-1.8567194858627212,0.06335107373449554,-0.06204970304386372,0.0016784966669413162
86,-0.005732891858561966,0.018712534101516326,-0.3063664080696272,0.7593256819223517,-0.04240878475701155,0.030943001039887615,1.6455407996514027,0.19960563521103164,8.24395963526614,1.6660337970584266e-16,1.2543209435265406,2.0367606557762645,9.12376191723527e-17,-0.005732891858561966,0.018712534101516326,-0.3063664080696272,0.7593256819223517,-0.04240878475701155,0.030943001039887615
87,-0.03995876139256342,0.00745591013945907,-5.359340529211696,8.352628557402051e-08,-0.054572076737870207,-0.025345446047256633,1.699425453333797,0.050379301451222804,33.73261248926167,1.9231839709067528e-249,1.6006838369231138,1.79816706974448,4.527652960524604e-86,-0.03995876139256342,0.00745591013945907,-5.359340529211696,8.352628557402051e-08,-0.054572076737870207,-0.025345446047256633
88,-0.05852097155129698,0.010306608204538057,-5.678004867355865,1.3627483817710487e-08,-0.0787215524349566,-0.03832039066763736,2.192632656487408,0.07365516195109109,29.768893291462344,9.876997993015885e-195,2.0482711917878045,2.3369941211870118,2.6227058083861507e-95,-0.05852097155129698,0.010306608204538057,-5.678004867355865,1.3627483817710487e-08,-0.0787215524349566,-0.03832039066763736
89,-0.030133636956305054,0.010047651661457347,-2.999072616330567,0.0027080275550834493,-0.049826672341965486,-0.010440601570644619,2.1516269035312514,0.07115078096783639,30.240383510391702,6.980678614023128e-201,2.012173935362394,2.291079871700109,1.581791077990954e-60,-0.030133636956305054,0.010047651661457347,-2.999072616330567,0.0027080275550834493,-0.049826672341965486,-0.010440601570644619
90,-0.02548685905594615,0.014440232159115652,-1.7649895635408548,0.0775655197338567,-0.05378919401620989,0.002815475904317591,1.9169795973456907,0.06612562486394111,28.98996570981421,8.804463405598661e-185,1.7873757541571598,2.0465834405342216,8.495023740653878e-43,-0.02548685905594615,0.014440232159115652,-1.764989563540855,0.0775655197338567,-0.05378919401620989,0.002815475904317591
91,-0.029391146429615322,0.01454187651478285,-2.021138496103796,0.04326543028961775,-0.05789270066621855,-0.000889592193012094,1.6096164194745675,0.042062837495117335,38.266948102619374,0.0,1.5271747728965765,1.6920580660525584,1.3177090108531413e-124,-0.029391146429615322,0.01454187651478285,-2.0211384961037964,0.04326543028961769,-0.05789270066621855,-0.000889592193012094
92,-0.014637385908530061,0.01809973529692895,-0.8087071809836712,0.4186835966667286,-0.05011221522021918,0.02083744340315906,1.347309328044834,0.1541357437175318,8.741057041992185,2.3093937140118175e-18,1.0452088216281759,1.6494098344614923,0.04678612954528276,-0.014637385908530061,0.01809973529692895,-0.8087071809836712,0.4186835966667286,-0.05011221522021918,0.02083744340315906
93,-0.02517354930539361,0.010944495550551265,-2.3001105157492288,0.02144195967144931,-0.046624366413432955,-0.003722732197354261,0.9772967894818989,0.12432855765679252,7.860597821618063,3.823044250882439e-15,0.7336172942247741,1.2209762847390238,0.0058103247895775175,-0.02517354930539361,0.010944495550551265,-2.3001105157492288,0.02144195967144931,-0.046624366413432955,-0.003722732197354261
94,-0.01820892773456116,0.014125800349659661,-1.2890545869140702,0.1973791099691592,-0.045894987672697396,0.009477132203575076,1.6769073275800659,0.05561027839399383,30.154629252156013,9.327428763806695e-200,1.567913184757592,1.7859014704025398,1.498060030450647e-34,-0.01820892773456116,0.014125800349659661,-1.2890545869140702,0.1973791099691592,-0.045894987672697396,0.009477132203575076
95,-0.021960501620606566,0.01905094727251539,-1.152724917373991,0.24902331067110328,-0.059299672146108304,0.01537866890489517,1.6659606112079253,0.10767712738934894,15.47181515331469,5.37692610226921e-54,1.4549173195660698,1.8770039028497807,8.03408466929518e-12,-0.021960501620606566,0.01905094727251539,-1.152724917373991,0.24902331067110328,-0.059299672146108304,0.01537866890489517
96,-0.03051058947132811,0.013850344129613062,-2.2028759131041524,0.02760349574800048,-0.057656765138855474,-0.003364413803800745,1.6859619370394185,0.08099392730490186,20.815905502305256,3.106213806696701e-96,1.5272167565553556,1.8447071175234815,1.3338909457407531e-25,-0.03051058947132811,0.013850344129613062,-2.202875913104152,0.027603495748000514,-0.057656765138855474,-0.003364413803800745
97,-0.01304472733726116,0.012103900646833034,-1.0777292145630997,0.2811546169197806,-0.03676793667750497,0.01067848200298265,1.272693939835377,0.06636557185001393,19.177020620144173,5.758705348743913e-82,1.1426198091959443,1.4027680704748096,3.9644896691130176e-08,-0.01304472733726116,0.012103900646833034,-1.0777292145630997,0.2811546169197806,-0.03676793667750497,0.01067848200298265
98,-0.02497610517954969,0.017812411848684494,-1.4021742474697079,0.16086321978828022,-0.05988779088076582,0.009935580521666442,1.7908640894929178,0.120440445980131,14.86929141551299,5.216249727613235e-50,1.554805153089919,2.0269230258959166,2.0226609070456615e-26,-0.02497610517954969,0.017812411848684494,-1.4021742474697079,0.16086321978828022,-0.05988779088076582,0.009935580521666442
99,-0.03229028544647737,0.016000271963127363,-2.0181085372105145,0.04357995875513374,-0.06365024223705298,-0.0009303286559017507,1.623855043316172,0.169296357979014,9.591789585440848,8.657022531950699e-22,1.2920402789635044,1.9556698076688397,9.779314285700418e-07,-0.03229028544647737,0.016000271963127363,-2.0181085372105145,0.04357995875513374,-0.06365024223705298,-0.0009303286559017507
100,-0.014757790183468997,0.014813754860051754,-0.9962221140344588,0.31914223697153965,-0.04379221618497563,0.01427663581803763,2.4662782461612545,0.1673378753912578,14.7383145650366,3.6580042305879805e-49,2.1383020371449377,2.794254455177571,1.0602067678523616e-59,-0.014757790183468997,0.014813754860051754,-0.9962221140344588,0.31914223697153965,-0.04379221618497563,0.01427663581803763
101,-0.01411857243777328,0.015055737646690357,-0.9377536171983516,0.348371042534915,-0.04362727598597021,0.015390131110423649,1.7805965230601806,0.08956547897276095,19.880388554631676,6.016611205598653e-88,1.6050514100154896,1.9561416361048716,1.4354908060649856e-18,-0.01411857243777328,0.015055737646690357,-0.9377536171983517,0.348371042534915,-0.04362727598597021,0.015390131110423649
102,-0.040618293093007185,0.014298130973466485,-2.840811373765137,0.0044998919766922486,-0.06864211484723812,-0.01259447133877625,1.9085657471043604,0.2773131333000756,6.882348933107092,5.887358603000087e-12,1.365041993396257,2.452089500812464,0.004455518946971579,-0.040618293093007185,0.014298130973466485,-2.840811373765137,0.0044998919766922486,-0.06864211484723812,-0.01259447133877625
103,-0.010398922376990978,0.011229626279753524,-0.9260256858004023,0.35443263184241847,-0.0324085854451524,0.011610740691170442,1.4839321537861925,0.07500366329167586,19.784795684118055,4.025259137074187e-87,1.336927675025939,1.630936632546446,2.4643656318951597e-15,-0.010398922376990978,0.011229626279753524,-0.9260256858004025,0.35443263184241847,-0.0324085854451524,0.011610740691170442
104,-0.0181802723286234,0.015689571702401043,-1.158748796555179,0.24655859427708093,-0.048931267798188224,0.012570723140941428,1.8527393209997638,0.11556867134876957,16.0315014387287,7.699962446759972e-58,1.6262288874150295,2.0792497545844983,1.8141658731955427e-14,-0.0181802723286234,0.015689571702401043,-1.158748796555179,0.24655859427708093,-0.048931267798188224,0.012570723140941428
105,-0.02575590876764967,0.01743963368421909,-1.4768606516635654,0.1397129944101033,-0.059936962692290666,0.008425145156991321,1.8293583972906498,0.17575161284977286,10.408771604584532,2.2612049350376073e-25,1.484891565880268,2.1738252287010313,1.8627793112058165e-06,-0.02575590876764967,0.01743963368421909,-1.4768606516635654,0.1397129944101033,-0.059936962692290666,0.008425145156991321
106,-0.03702598262058816,0.017395737192707778,-2.1284514827063092,0.03329966851829384,-0.07112100100281932,-0.002930964238357009,2.082735210087432,0.13442855424846004,15.493250089099213,3.853094608418991e-54,1.8192600852666614,2.3462103349082026,7.90287880496796e-15,-0.03702598262058816,0.017395737192707778,-2.1284514827063092,0.03329966851829384,-0.07112100100281932,-0.002930964238357009
107,-0.015623012524600353,0.01806271321366834,-0.8649316600331213,0.38707629927090714,-0.05102527988646604,0.01977925483726533,1.789846202805995,0.15782973251827423,11.340361377085642,8.280182683783518e-30,1.4805056113805872,2.099186794231403,3.553269139202512e-06,-0.015623012524600353,0.01806271321366834,-0.8649316600331213,0.38707629927090714,-0.05102527988646604,0.01977925483726533
108,-0.023728620695663553,0.012964332649808109,-1.830300204153954,0.0672050608833465,-0.04913824577288417,0.0016810043815570636,1.3718099193008904,0.04381565808676207,31.308668617608927,3.5563180305347116e-215,1.2859328074919156,1.457687031109865,8.665329297280181e-17,-0.023728620695663553,0.012964332649808109,-1.830300204153954,0.0672050608833465,-0.04913824577288417,0.0016810043815570636
109,-0.041295378861688076,0.011280632756337486,-3.660732492021623,0.00025149523033947207,-0.06340501278693235,-0.019185744936443802,2.1077330204246394,0.09259466497872398,22.76300714419071,1.0667372582758932e-114,1.9262508119057882,2.289215228943491,1.3994427002370216e-38,-0.041295378861688076,0.011280632756337486,-3.6607324920216233,0.00025149523033947207,-0.06340501278693235,-0.019185744936443802
110,-0.03533175838728036,0.012198828641889167,-2.896323854075281,0.0037756253723720693,-0.05924102317895878,-0.011422493595601931,1.81549743681748,0.08410279595895367,21.586647817315523,2.3978719541836716e-103,1.65065898573881,1.9803358878961501,8.235029440937383e-22,-0.03533175838728036,0.012198828641889167,-2.8963238540752814,0.0037756253723720628,-0.05924102317895878,-0.011422493595601931
111,-0.003236386645323412,0.018370607814190677,-0.1761719959436188,0.8601588206729269,-0.039242116335247226,0.0327693430446004,1.846399280201739,0.07015059340818927,26.320508359180796,1.1171445366366339e-152,1.708906643627575,1.983891916775903,9.003145052527121e-33,-0.003236386645323412,0.018370607814190677,-0.1761719959436188,0.8601588206729269,-0.039242116335247226,0.0327693430446004
112,-0.02683113301140258,0.019706676997582162,-1.3615249803249188,0.17334784477905207,-0.06545551018162754,0.01179324415882238,1.8910392892035464,0.14894833436329286,12.695941161659462,6.227675653813003e-37,1.5991059182942626,2.18297266011283,1.6057320821691603e-08,-0.02683113301140258,0.019706676997582162,-1.3615249803249185,0.17334784477905196,-0.06545551018162754,0.01179324415882238
113,-0.015209307012047046,0.018046822559709113,-0.842769244376734,0.3993575119554168,-0.05058042926446185,0.020161815240367763,1.6046195502851608,0.07002696836098316,22.914308413488378,3.345637716962194e-116,1.467369214351108,1.7418698862192137,1.8900711159431975e-191,-0.015209307012047046,0.018046822559709113,-0.842769244376734,0.3993575119554168,-0.05058042926446185,0.020161815240367763
114,-0.026835904173415245,0.017068096272234747,-1.5722845562495522,0.11588457304654443,-0.0602887581516577,0.006616949804827212,1.7655859497322683,0.046065327270198624,38.327871619713676,0.0,1.6752995673466282,1.8558723321179085,4.191110279338383e-245,-0.026835904173415245,0.017068096272234747,-1.5722845562495522,0.11588457304654443,-0.0602887581516577,0.006616949804827212
115,-0.04186962469651858,0.01600057976109502,-2.6167567251733868,0.008876958271814329,-0.07323018476002532,-0.010509064633011836,1.8187959643620943,0.04046212806862193,44.950576036868334,0.0,1.7394916506097482,1.8981002781144405,4.142750463851259e-123,-0.04186962469651858,0.01600057976109502,-2.6167567251733868,0.008876958271814329,-0.07323018476002532,-0.010509064633011836
116,-0.05682359497591333,0.01382454081576892,-4.110342305988035,3.950730113517061e-05,-0.08391919707762438,-0.029727992874202268,1.7391161407139657,0.07975452232816622,21.805862413143398,2.0412342411489575e-105,1.5828001493465642,1.8954321320813672,2.706574754704212e-37,-0.05682359497591333,0.01382454081576892,-4.110342305988035,3.950730113517061e-05,-0.08391919707762438,-0.029727992874202268
117,-0.03666480351291797,0.011036187149853884,-3.3222346644786103,0.0008929955756320864,-0.05829533285327533,-0.015034274172560608,1.5021261892355222,0.0601182236850339,24.986203802449808,8.635158127056304e-138,1.3842966359983329,1.6199557424727116,1.5671199748904854e-16,-0.03666480351291797,0.011036187149853884,-3.3222346644786103,0.0008929955756320864,-0.05829533285327533,-0.015034274172560608
118,-0.021192973007428385,0.016438334975759538,-1.2892408530839758,0.1973143663986754,-0.05341151752572218,0.011025571510865414,1.8257615934094884,0.10754398124247233,16.976883060457507,1.21784479115622e-64,1.6149792634201914,2.0365439233987854,3.6886905753992334e-27,-0.021192973007428385,0.016438334975759538,-1.2892408530839758,0.1973143663986754,-0.05341151752572218,0.011025571510865414
119,-0.032927849761014594,0.021094709557268835,-1.5609529807282074,0.1185348452897324,-0.07427272075759438,0.008417021235565189,1.7680688451175635,0.08528122983692646,20.73221561765044,1.7743041581033162e-95,1.6009207060799049,1.935216984155222,1.8392573962959269e-19,-0.032927849761014594,0.021094709557268835,-1.5609529807282074,0.1185348452897324,-0.07427272075759438,0.008417021235565189
120,-0.044137899507658306,0.012487290448058514,-3.534625841470736,0.00040835293799335173,-0.06861253905034403,-0.019663259964972583,1.934502069285371,0.041028002311249236,47.150774113000395,0.0,1.8540886623976964,2.0149154761730457,0.0,-0.044137899507658306,0.012487290448058514,-3.5346258414707354,0.00040835293799335254,-0.06861253905034403,-0.019663259964972583
121,0.016663811042553267,0.00686569299939843,2.4271127538055293,0.015219524961246726,0.0032073000348235656,0.03012032205028297,-0.18942463046458546,0.17064258787204656,-1.1100665597419461,0.26697034586571433,-0.5238779569225082,0.14502869599333723,7.60108067007262e-18,0.016663811042553267,0.00686569299939843,2.4271127538055293,0.015219524961246726,0.0032073000348235656,0.03012032205028297
122,0.03654227090769822,0.00536453389979071,6.811825890246283,9.63676974456246e-12,0.02602797767026422,0.047056564145132214,0.8841379763051482,0.2044059033221903,4.325403336867161,1.5225302279637638e-05,0.48350976756627906,1.2847661850440173,3.409713809846453e-13,0.03654227090769822,0.00536453389979071,6.811825890246283,9.63676974456246e-12,0.02602797767026422,0.047056564145132214
123,-0.054245834302255616,0.00879646032690756,-6.166779850790961,6.969468183785618e-10,-0.07148657973442987,-0.03700508887008137,2.2567527371231653,0.17975145749027843,12.554850840334455,3.738851502349749e-36,1.904446354273637,2.6090591199726934,2.916434466097204e-12,-0.054245834302255616,0.00879646032690756,-6.166779850790961,6.969468183785618e-10,-0.07148657973442987,-0.03700508887008137
124,-0.011187872371939259,0.014344475804681721,-0.7799429218799186,0.4354244726750002,-0.03930252832622164,0.016926783582343126,-0.25262527248878053,0.23817555674013083,-1.0606683403889994,0.28884065274196213,-0.7194407856972131,0.21419024071965204,1.9776421447414598e-08,-0.011187872371939259,0.014344475804681721,-0.7799429218799186,0.4354244726750002,-0.03930252832622164,0.016926783582343126
