"Exp Date",Symbol,"Contract Name",Last,"52W High","52W High Date","52W Low","52W Low Date","52W %Chg",Time
1983-05-18,CLM83,"Crude Oil WTI June 1983 Futures",29.75,31,1983-04-12,29.01,1983-03-30,+1.19%,1983-05-18
1983-06-20,CLN83,"Crude Oil WTI July 1983 Futures",31.4,31.65,1983-06-16,29.1,1983-03-30,+6.98%,1983-06-20
1983-07-18,CLQ83,"Crude Oil WTI August 1983 Futures",31.7,31.92,1983-07-13,28.9,1983-03-31,+8.56%,1983-07-18
1983-08-18,CLU83,"Crude Oil WTI September 1983 Futures",31.72,32.35,1983-08-02,28.26,1983-03-31,+9.57%,1983-08-18
1983-09-16,CLV83,"Crude Oil WTI October 1983 Futures",31.55,32.3,1983-08-04,28.7,1983-03-30,+8.98%,1983-09-16
1983-10-18,CLX83,"Crude Oil WTI November 1983 Futures",30.68,32.22,1983-08-02,28.4,1983-03-30,+6.16%,1983-10-18
1983-11-18,CLZ83,"Crude Oil WTI December 1983 Futures",29.19,32.21,1983-08-02,28.5,1983-04-04,+1.53%,1983-11-18
1983-12-16,CLF84,"Crude Oil WTI January 1984 Futures",28.57,32.15,1983-08-02,28.57,1983-12-16,-4.45%,1983-12-16
1984-01-18,CLG84,"Crude Oil WTI February 1984 Futures",29.79,32,1983-08-05,28.15,1983-12-16,-2.81%,1984-01-18
1984-02-17,CLH84,"Crude Oil WTI March 1984 Futures",29.9,31.72,1983-08-18,27.87,1983-12-16,-4.78%,1984-02-17
1984-03-16,CLJ84,"Crude Oil WTI April 1984 Futures",30.64,31.1,1984-02-27,27.68,1983-12-16,-0.29%,1984-03-16
1984-04-17,CLK84,"Crude Oil WTI May 1984 Futures",30.66,31.1,1984-03-28,27.6,1983-12-16,+3.41%,1984-04-17
1984-05-18,CLM84,"Crude Oil WTI June 1984 Futures",30.75,31.5,1984-05-16,27.57,1983-12-16,+2.50%,1984-05-18
1984-06-18,CLN84,"Crude Oil WTI July 1984 Futures",29.79,31.7,1984-05-16,27.47,1983-12-16,+3.08%,1984-06-18
1984-07-18,CLQ84,"Crude Oil WTI August 1984 Futures",28.82,31.7,1984-05-16,27.5,1983-12-16,+4.80%,1984-07-18
1984-08-17,CLU84,"Crude Oil WTI September 1984 Futures",29.03,31.68,1984-05-16,27.5,1983-12-16,-2.42%,1984-08-17
1984-09-18,CLV84,"Crude Oil WTI October 1984 Futures",29.24,31.6,1984-05-16,27.5,1983-12-19,-1.88%,1984-09-18
1984-10-18,CLX84,"Crude Oil WTI November 1984 Futures",27.54,31.6,1984-05-16,26.3,1984-10-18,-7.43%,1984-10-18
1984-11-14,CLZ84,"Crude Oil WTI December 1984 Futures",28.44,31.6,1984-05-16,26.93,1984-10-18,-3.76%,1984-11-14
1984-12-14,CLF85,"Crude Oil WTI January 1985 Futures",26.45,31.55,1984-05-16,26.28,1984-12-14,-7.03%,1984-12-14
1985-01-18,CLG85,"Crude Oil WTI February 1985 Futures",25.68,31.5,1984-05-16,25.15,1985-01-04,-15.30%,1985-01-18
1985-02-15,CLH85,"Crude Oil WTI March 1985 Futures",27.92,31.3,1984-05-16,24.66,1985-01-28,-7.55%,1985-02-15
1985-03-20,CLJ85,"Crude Oil WTI April 1985 Futures",28.98,31.45,1984-05-16,24.47,1985-01-28,-4.98%,1985-03-20
1985-04-22,CLK85,"Crude Oil WTI May 1985 Futures",29.8,31.11,1984-05-16,24.28,1985-01-28,-1.23%,1985-04-22
1985-05-21,CLM85,"Crude Oil WTI June 1985 Futures",28,29.55,1984-10-02,24.2,1985-01-28,-2.23%,1985-05-21
1985-06-20,CLN85,"Crude Oil WTI July 1985 Futures",27.2,29.55,1984-10-01,24.1,1985-01-28,-7.95%,1985-06-20
1985-07-22,CLQ85,"Crude Oil WTI August 1985 Futures",27.7,29.57,1984-10-01,24.25,1985-01-28,-6.26%,1985-07-22
1985-08-20,CLU85,"Crude Oil WTI September 1985 Futures",28.09,29.55,1984-10-01,24.08,1985-01-28,-4.94%,1985-08-20
1985-09-20,CLV85,"Crude Oil WTI October 1985 Futures",28.72,29.55,1984-10-01,24.62,1985-01-28,-2.81%,1985-09-20
1985-10-22,CLX85,"Crude Oil WTI November 1985 Futures",30.28,30.6,1985-10-22,24.4,1985-01-24,+10.11%,1985-10-22
1985-11-20,CLZ85,"Crude Oil WTI December 1985 Futures",31.72,31.82,1985-11-20,23.9,1985-01-28,+16.45%,1985-11-20
1985-12-18,CLF86,"Crude Oil WTI January 1986 Futures",26.53,31.17,1985-11-25,24.38,1985-06-19,-0.26%,1985-12-18
1986-01-21,CLG86,"Crude Oil WTI February 1986 Futures",20.59,30.43,1985-11-25,19.85,1986-01-21,-19.25%,1986-01-21
1986-02-20,CLH86,"Crude Oil WTI March 1986 Futures",14.17,29.68,1985-11-25,13.85,1986-02-20,-45.81%,1986-02-20
1986-03-20,CLJ86,"Crude Oil WTI April 1986 Futures",12.78,28.98,1985-11-25,11.49,1986-03-05,-52.49%,1986-03-20
1986-04-22,CLK86,"Crude Oil WTI May 1986 Futures",13.2,28.35,1985-11-25,9.75,1986-04-01,-51.82%,1986-04-22
1986-05-20,CLM86,"Crude Oil WTI June 1986 Futures",16.04,27.86,1985-11-25,9.95,1986-04-01,-38.96%,1986-05-20
1986-06-20,CLN86,"Crude Oil WTI July 1986 Futures",14.69,27.53,1985-11-25,10.15,1986-04-01,-38.15%,1986-06-20
1986-07-22,CLQ86,"Crude Oil WTI August 1986 Futures",11.07,27.23,1985-11-25,10.3,1986-04-01,-58.83%,1986-07-22
1986-08-20,CLU86,"Crude Oil WTI September 1986 Futures",15.26,26.95,1985-11-25,10.1,1986-07-14,-39.87%,1986-08-20
1986-09-22,CLV86,"Crude Oil WTI October 1986 Futures",13.97,26.73,1985-11-25,10.1,1986-07-14,-45.64%,1986-09-22
1986-10-21,CLX86,"Crude Oil WTI November 1986 Futures",15.19,26.6,1985-11-25,10.25,1986-07-14,-44.09%,1986-10-21
1986-11-20,CLZ86,"Crude Oil WTI December 1986 Futures",15.08,26.45,1985-11-25,10.4,1986-07-14,-41.66%,1986-11-20
1986-12-19,CLF87,"Crude Oil WTI January 1987 Futures",16.21,22.8,1985-12-30,10.45,1986-07-14,-27.96%,1986-12-19
1987-01-20,CLG87,"Crude Oil WTI February 1987 Futures",18.72,22.1,1986-01-28,10.5,1986-07-14,-5.17%,1987-01-20
1987-02-26,CLH87,"Crude Oil WTI March 1987 Futures",16.7,19.18,1987-01-12,10.55,1986-07-14,+1.89%,1987-02-26
1987-03-20,CLJ87,"Crude Oil WTI April 1987 Futures",18.67,19.08,1987-03-18,10.5,1986-07-14,+47.94%,1987-03-20
1987-04-21,CLK87,"Crude Oil WTI May 1987 Futures",19.03,19.1,1987-04-21,10.7,1986-07-14,+55.98%,1987-04-21
1987-05-19,CLM87,"Crude Oil WTI June 1987 Futures",19.87,20.01,1987-05-19,10.7,1986-07-14,+47.19%,1987-05-19
1987-06-22,CLN87,"Crude Oil WTI July 1987 Futures",20.48,20.95,1987-06-22,10.85,1986-07-14,+86.52%,1987-06-22
1987-07-23,CLQ87,"Crude Oil WTI August 1987 Futures",21.23,22.76,1987-07-16,13.95,1986-10-29,+42.39%,1987-07-23
1987-08-20,CLU87,"Crude Oil WTI September 1987 Futures",19.42,22.67,1987-08-03,15.01,1986-12-05,+26.93%,1987-08-20
1987-09-22,CLV87,"Crude Oil WTI October 1987 Futures",19.25,22.03,1987-08-03,14.97,1986-12-05,+25.49%,1987-09-22
1987-10-20,CLX87,"Crude Oil WTI November 1987 Futures",19.87,21.85,1987-08-03,16.3,1987-03-02,+15.52%,1987-10-20
1987-11-20,CLZ87,"Crude Oil WTI December 1987 Futures",18.93,21.65,1987-08-03,16.4,1987-02-25,+8.61%,1987-11-20
1987-12-21,CLF88,"Crude Oil WTI January 1988 Futures",15.16,21.35,1987-08-03,14.9,1987-12-17,-13.37%,1987-12-21
1988-01-20,CLG88,"Crude Oil WTI February 1988 Futures",17.25,21.3,1987-08-03,14.73,1987-12-17,-2.10%,1988-01-20
1988-02-22,CLH88,"Crude Oil WTI March 1988 Futures",16.62,21.25,1987-07-20,14.7,1987-12-17,-11.50%,1988-02-22
1988-03-22,CLJ88,"Crude Oil WTI April 1988 Futures",16.09,21.22,1987-07-20,14.7,1987-12-17,-13.03%,1988-03-22
1988-04-20,CLK88,"Crude Oil WTI May 1988 Futures",17.74,21.2,1987-07-21,14.7,1987-12-17,-16.04%,1988-04-20
1988-05-20,CLM88,"Crude Oil WTI June 1988 Futures",17.17,21.2,1987-07-20,14.78,1987-12-17,-18.74%,1988-05-20
1988-06-21,CLN88,"Crude Oil WTI July 1988 Futures",15.89,20.21,1987-08-12,14.85,1987-12-17,-21.38%,1988-06-21
1988-07-20,CLQ88,"Crude Oil WTI August 1988 Futures",15.66,20.25,1987-08-11,14.4,1988-07-13,-22.67%,1988-07-20
1988-08-22,CLU88,"Crude Oil WTI September 1988 Futures",15.76,19.76,1987-10-22,14.53,1988-07-12,-18.30%,1988-08-22
1988-09-20,CLV88,"Crude Oil WTI October 1988 Futures",15.04,19.72,1987-10-22,13.75,1988-09-12,-22.43%,1988-09-20
1988-10-20,CLX88,"Crude Oil WTI November 1988 Futures",14.6,18.42,1988-04-27,12.28,1988-10-05,-9.15%,1988-10-20
1988-11-18,CLZ88,"Crude Oil WTI December 1988 Futures",13.6,18.35,1988-04-27,12.13,1988-10-05,-24.90%,1988-11-18
1988-12-20,CLF89,"Crude Oil WTI January 1989 Futures",17.73,18.2,1988-12-20,12.2,1988-10-05,+10.19%,1988-12-20
1989-01-20,CLG89,"Crude Oil WTI February 1989 Futures",18.86,19.75,1989-01-20,12.3,1988-10-05,+19.44%,1989-01-20
1989-02-21,CLH89,"Crude Oil WTI March 1989 Futures",18.59,18.93,1989-02-21,12.45,1988-10-05,+21.11%,1989-02-21
1989-03-20,CLJ89,"Crude Oil WTI April 1989 Futures",19.51,20.35,1989-03-20,12.58,1988-10-06,+18.46%,1989-03-20
1989-04-20,CLK89,"Crude Oil WTI May 1989 Futures",24.65,25.3,1989-04-20,12.52,1988-11-18,+36.49%,1989-04-20
1989-05-22,CLM89,"Crude Oil WTI June 1989 Futures",20.93,21.6,1989-04-26,12.6,1988-11-18,+24.73%,1989-05-22
1989-06-20,CLN89,"Crude Oil WTI July 1989 Futures",19.53,21.3,1989-06-20,12.65,1988-11-18,+15.70%,1989-06-20
1989-07-20,CLQ89,"Crude Oil WTI August 1989 Futures",19.9,21.07,1989-07-05,12.6,1988-11-18,+21.64%,1989-07-20
1989-08-22,CLU89,"Crude Oil WTI September 1989 Futures",19.08,20.12,1989-07-05,12.68,1988-11-18,+29.36%,1989-08-22
1989-09-20,CLV89,"Crude Oil WTI October 1989 Futures",19.64,20.09,1989-09-14,12.7,1988-11-17,+44.73%,1989-09-20
1989-10-23,CLX89,"Crude Oil WTI November 1989 Futures",19.98,20.98,1989-10-13,14.84,1988-12-05,+31.88%,1989-10-23
1989-11-20,CLZ89,"Crude Oil WTI December 1989 Futures",20.07,20.67,1989-10-13,12.77,1988-11-21,+57.54%,1989-11-20
1989-12-19,CLF90,"Crude Oil WTI January 1990 Futures",22.33,22.95,1989-12-19,15.49,1989-02-14,+38.44%,1989-12-19
1990-01-22,CLG90,"Crude Oil WTI February 1990 Futures",22.55,24.2,1990-01-22,15.46,1989-02-14,+39.71%,1990-01-22
1990-02-20,CLH90,"Crude Oil WTI March 1990 Futures",22.19,23.18,1990-01-04,15.98,1989-02-21,+38.86%,1990-02-20
1990-03-20,CLJ90,"Crude Oil WTI April 1990 Futures",19.28,22.58,1990-01-04,16.01,1989-04-05,+13.21%,1990-03-20
1990-04-20,CLK90,"Crude Oil WTI May 1990 Futures",17.95,22.27,1990-02-15,16.25,1990-04-11,+6.09%,1990-04-20
1990-05-22,CLM90,"Crude Oil WTI June 1990 Futures",17.68,22.05,1990-02-15,16.5,1989-06-14,+7.80%,1990-05-22
1990-06-20,CLN90,"Crude Oil WTI July 1990 Futures",15.3,21.8,1990-02-15,15.06,1990-06-20,-8.77%,1990-06-20
1990-07-20,CLQ90,"Crude Oil WTI August 1990 Futures",19.61,21.63,1990-02-26,16.06,1990-07-09,+6.34%,1990-07-20
1990-08-21,CLU90,"Crude Oil WTI September 1990 Futures",28.41,29.25,1990-08-20,16.9,1990-07-09,+59.16%,1990-08-21
1990-09-20,CLV90,"Crude Oil WTI October 1990 Futures",34.71,35,1990-09-20,17.5,1990-07-09,+85.81%,1990-09-20
1990-10-22,CLX90,"Crude Oil WTI November 1990 Futures",28.38,41.15,1990-10-10,17.88,1990-07-09,+51.85%,1990-10-22
1990-11-20,CLZ90,"Crude Oil WTI December 1990 Futures",31.5,39.9,1990-10-10,18.02,1989-11-28,+69.08%,1990-11-20
1990-12-18,CLF91,"Crude Oil WTI January 1991 Futures",27.86,38.2,1990-10-10,18.36,1990-07-05,+46.94%,1990-12-18
1991-01-22,CLG91,"Crude Oil WTI February 1991 Futures",24.18,36.8,1990-10-10,18,1991-01-18,+26.86%,1991-01-22
1991-02-20,CLH91,"Crude Oil WTI March 1991 Futures",20.48,35.4,1990-10-10,18.6,1991-01-18,-0.63%,1991-02-20
1991-03-20,CLJ91,"Crude Oil WTI April 1991 Futures",20.38,33.9,1990-10-10,17.45,1991-02-25,-0.29%,1991-03-20
1991-04-22,CLK91,"Crude Oil WTI May 1991 Futures",21.62,32.7,1990-10-10,17.2,1991-02-25,+8.97%,1991-04-22
1991-05-21,CLM91,"Crude Oil WTI June 1991 Futures",21.4,31.5,1990-10-10,17.1,1991-02-19,+7.65%,1991-05-21
1991-06-20,CLN91,"Crude Oil WTI July 1991 Futures",20.15,30.4,1990-10-10,16.8,1991-02-19,+3.71%,1991-06-20
1991-07-22,CLQ91,"Crude Oil WTI August 1991 Futures",21.72,29.55,1990-09-28,16.9,1991-02-19,+4.17%,1991-07-22
1991-08-20,CLU91,"Crude Oil WTI September 1991 Futures",22.27,29.05,1990-09-28,16.9,1991-02-19,-10.67%,1991-08-20
1991-09-20,CLV91,"Crude Oil WTI October 1991 Futures",21.97,28.62,1990-09-28,17.04,1991-02-19,-15.30%,1991-09-20
1991-10-22,CLX91,"Crude Oil WTI November 1991 Futures",23.48,27.2,1990-10-26,17.2,1991-02-19,+6.49%,1991-10-22
1991-11-20,CLZ91,"Crude Oil WTI December 1991 Futures",22.22,25.7,1990-11-26,17.1,1991-02-19,-5.00%,1991-11-20
1991-12-19,CLF92,"Crude Oil WTI January 1992 Futures",19.13,23.78,1991-11-05,17.25,1991-02-19,-13.87%,1991-12-19
1992-01-21,CLG92,"Crude Oil WTI February 1992 Futures",18.47,23.43,1991-11-05,17.42,1991-02-15,-2.17%,1992-01-21
1992-02-20,CLH92,"Crude Oil WTI March 1992 Futures",18.54,23.1,1991-11-05,17.75,1992-01-09,+1.59%,1992-02-20
1992-03-20,CLJ92,"Crude Oil WTI April 1992 Futures",18.9,22.75,1991-11-05,17.9,1992-01-09,0.00%,1992-03-20
1992-04-21,CLK92,"Crude Oil WTI May 1992 Futures",20.25,22.47,1991-11-05,18,1992-01-09,+1.05%,1992-04-21
1992-05-19,CLM92,"Crude Oil WTI June 1992 Futures",20.12,22.2,1991-11-04,18.12,1992-01-09,-6.11%,1992-05-19
1992-06-22,CLN92,"Crude Oil WTI July 1992 Futures",22.48,22.7,1992-06-05,18.18,1992-01-09,+13.14%,1992-06-22
1992-07-21,CLQ92,"Crude Oil WTI August 1992 Futures",21.78,22.95,1992-06-24,18.2,1992-01-09,+4.61%,1992-07-21
1992-08-20,CLU92,"Crude Oil WTI September 1992 Futures",21.44,22.84,1992-06-24,18.35,1992-01-09,+4.03%,1992-08-20
1992-09-22,CLV92,"Crude Oil WTI October 1992 Futures",21.88,22.72,1992-06-24,18.41,1992-01-08,+6.16%,1992-09-22
1992-10-20,CLX92,"Crude Oil WTI November 1992 Futures",21.86,22.6,1992-06-24,18.47,1992-01-08,+1.91%,1992-10-20
1992-11-20,CLZ92,"Crude Oil WTI December 1992 Futures",20.4,22.48,1992-06-24,18.53,1992-01-08,-1.64%,1992-11-20
1992-12-18,CLF93,"Crude Oil WTI January 1993 Futures",19.83,22.3,1992-06-24,18.56,1992-01-08,+2.11%,1992-12-18
1993-01-20,CLG93,"Crude Oil WTI February 1993 Futures",18.33,22.1,1992-06-24,18.15,1993-01-13,-4.68%,1993-01-20
1993-02-23,CLH93,"Crude Oil WTI March 1993 Futures",20.02,21.91,1992-06-24,18.35,1993-01-13,+6.04%,1993-02-23
1993-03-22,CLJ93,"Crude Oil WTI April 1993 Futures",19.52,21.75,1992-10-16,18.56,1993-01-13,+2.90%,1993-03-22
1993-04-20,CLK93,"Crude Oil WTI May 1993 Futures",19.84,21.62,1992-10-16,18.75,1993-01-13,-0.60%,1993-04-20
1993-05-20,CLM93,"Crude Oil WTI June 1993 Futures",19.54,21.51,1992-10-09,18.9,1993-01-13,-3.36%,1993-05-20
1993-06-22,CLN93,"Crude Oil WTI July 1993 Futures",18.42,21.41,1992-10-09,18.2,1993-06-22,-13.40%,1993-06-22
1993-07-20,CLQ93,"Crude Oil WTI August 1993 Futures",17.09,21.31,1992-10-09,16.75,1993-07-19,-17.20%,1993-07-20
1993-08-20,CLU93,"Crude Oil WTI September 1993 Futures",18.09,21.23,1992-10-09,17.06,1993-07-19,-11.11%,1993-08-20
1993-09-21,CLV93,"Crude Oil WTI October 1993 Futures",18.12,21.17,1992-10-09,16.36,1993-09-10,-11.61%,1993-09-21
1993-10-20,CLX93,"Crude Oil WTI November 1993 Futures",18.24,21.13,1993-03-04,16.79,1993-09-10,-13.06%,1993-10-20
1993-11-19,CLZ93,"Crude Oil WTI December 1993 Futures",16.56,21.11,1993-03-04,16.38,1993-11-11,-18.62%,1993-11-19
1993-12-20,CLF94,"Crude Oil WTI January 1994 Futures",14.18,21.08,1993-03-04,13.75,1993-12-20,-29.14%,1993-12-20
1994-01-20,CLG94,"Crude Oil WTI February 1994 Futures",15.1,21.05,1993-03-04,13.96,1993-12-28,-21.48%,1994-01-20
1994-02-22,CLH94,"Crude Oil WTI March 1994 Futures",14.24,21.03,1993-03-04,13.88,1994-02-17,-30.74%,1994-02-22
1994-03-22,CLJ94,"Crude Oil WTI April 1994 Futures",15.2,20.86,1993-04-29,13.96,1994-03-08,-23.62%,1994-03-22
1994-04-20,CLK94,"Crude Oil WTI May 1994 Futures",16.82,20.85,1993-04-29,13.9,1994-03-28,-18.67%,1994-04-20
1994-05-20,CLM94,"Crude Oil WTI June 1994 Futures",18.92,20.52,1993-06-01,14.02,1994-03-28,-6.61%,1994-05-20
1994-06-21,CLN94,"Crude Oil WTI July 1994 Futures",20.04,20.95,1994-06-21,14.15,1994-03-28,+0.96%,1994-06-21
1994-07-20,CLQ94,"Crude Oil WTI August 1994 Futures",19.2,20.74,1994-07-12,14.35,1994-03-28,+0.21%,1994-07-20
1994-08-22,CLU94,"Crude Oil WTI September 1994 Futures",16.87,20.98,1994-08-01,14.5,1994-03-28,-13.35%,1994-08-22
1994-09-20,CLV94,"Crude Oil WTI October 1994 Futures",17.24,20.52,1994-08-01,14.65,1994-03-28,-11.77%,1994-09-20
1994-10-20,CLX94,"Crude Oil WTI November 1994 Futures",17.54,20.13,1994-08-01,14.82,1994-03-28,-9.77%,1994-10-20
1994-11-18,CLZ94,"Crude Oil WTI December 1994 Futures",17.47,19.86,1994-08-01,14.93,1994-03-28,-6.23%,1994-11-18
1994-12-20,CLF95,"Crude Oil WTI January 1995 Futures",16.98,19.65,1994-08-01,15.15,1994-03-28,-0.12%,1994-12-20
1995-01-20,CLG95,"Crude Oil WTI February 1995 Futures",18.65,19.45,1994-08-01,15.28,1994-03-28,+14.00%,1995-01-20
1995-02-21,CLH95,"Crude Oil WTI March 1995 Futures",18.86,19.27,1994-08-01,15.42,1994-03-28,+15.92%,1995-02-21
1995-03-21,CLJ95,"Crude Oil WTI April 1995 Futures",18.43,19.11,1994-08-01,15.55,1994-03-28,+13.35%,1995-03-21
1995-04-20,CLK95,"Crude Oil WTI May 1995 Futures",20.52,20.82,1995-04-20,16.52,1994-04-21,+23.99%,1995-04-20
1995-05-22,CLM95,"Crude Oil WTI June 1995 Futures",19.81,20.8,1995-05-01,16.91,1994-12-07,+12.68%,1995-05-22
1995-06-20,CLN95,"Crude Oil WTI July 1995 Futures",18.01,20.42,1995-05-01,17,1994-12-07,-1.80%,1995-06-20
1995-07-20,CLQ95,"Crude Oil WTI August 1995 Futures",17.01,20,1995-05-01,16.87,1995-07-10,-7.85%,1995-07-20
1995-08-22,CLU95,"Crude Oil WTI September 1995 Futures",18.38,19.63,1995-05-01,16.6,1995-07-21,+6.74%,1995-08-22
1995-09-20,CLV95,"Crude Oil WTI October 1995 Futures",18.5,19.34,1995-05-01,16.57,1995-07-24,+3.06%,1995-09-20
1995-10-20,CLX95,"Crude Oil WTI November 1995 Futures",17.37,19.16,1995-05-24,16.64,1995-07-24,-1.59%,1995-10-20
1995-11-17,CLZ95,"Crude Oil WTI December 1995 Futures",18.45,19.07,1995-05-24,16.6,1995-10-06,+5.07%,1995-11-17
1995-12-19,CLF96,"Crude Oil WTI January 1996 Futures",19.09,19.74,1995-12-19,16.54,1995-10-06,+7.91%,1995-12-19
1996-01-22,CLG96,"Crude Oil WTI February 1996 Futures",18.62,20.52,1996-01-09,16.53,1995-10-06,+4.84%,1996-01-22
1996-02-20,CLH96,"Crude Oil WTI March 1996 Futures",21.5,23,1996-02-20,16.54,1995-10-06,+20.52%,1996-02-20
1996-03-20,CLJ96,"Crude Oil WTI April 1996 Futures",23.06,25.6,1996-03-20,16.55,1995-10-05,+28.83%,1996-03-20
1996-04-22,CLK96,"Crude Oil WTI May 1996 Futures",24.07,25.7,1996-04-16,16.55,1995-10-05,+30.82%,1996-04-22
1996-05-23,CLM96,"Crude Oil WTI June 1996 Futures",22.65,23.3,1996-04-24,16.54,1995-10-05,+22.23%,1996-05-23
1996-06-20,CLN96,"Crude Oil WTI July 1996 Futures",20.65,22.2,1996-06-17,16.53,1995-10-05,+17.06%,1996-06-20
1996-07-22,CLQ96,"Crude Oil WTI August 1996 Futures",21.4,22.55,1996-07-16,16.53,1995-10-05,+25.15%,1996-07-22
1996-08-20,CLU96,"Crude Oil WTI September 1996 Futures",22.86,23.35,1996-08-19,16.55,1995-10-05,+33.06%,1996-08-20
1996-09-20,CLV96,"Crude Oil WTI October 1996 Futures",23.63,25.35,1996-09-13,16.57,1995-10-05,+38.11%,1996-09-20
1996-10-22,CLX96,"Crude Oil WTI November 1996 Futures",25.75,26.1,1996-10-22,16.68,1996-01-29,+52.73%,1996-10-22
1996-11-20,CLZ96,"Crude Oil WTI December 1996 Futures",23.76,25.8,1996-10-22,16.65,1996-01-26,+39.60%,1996-11-20
1996-12-19,CLF97,"Crude Oil WTI January 1997 Futures",26.57,26.8,1996-12-19,16.64,1996-01-16,+52.00%,1996-12-19
1997-01-21,CLG97,"Crude Oil WTI February 1997 Futures",24.8,26.74,1997-01-09,16.72,1996-01-26,+46.14%,1997-01-21
1997-02-20,CLH97,"Crude Oil WTI March 1997 Futures",21.98,26.05,1997-01-09,16.88,1996-03-04,+23.90%,1997-02-20
1997-03-20,CLJ97,"Crude Oil WTI April 1997 Futures",22.32,25.3,1997-01-09,17.4,1996-05-17,+29.02%,1997-03-20
1997-04-22,CLK97,"Crude Oil WTI May 1997 Futures",19.6,24.6,1997-01-09,17.35,1996-05-20,+9.19%,1997-04-22
1997-05-20,CLM97,"Crude Oil WTI June 1997 Futures",21.19,23.95,1997-01-09,17.39,1996-05-30,+16.43%,1997-05-20
1997-06-20,CLN97,"Crude Oil WTI July 1997 Futures",18.55,23.33,1997-01-08,17.66,1996-06-25,+3.81%,1997-06-20
1997-07-22,CLQ97,"Crude Oil WTI August 1997 Futures",19.08,22.82,1997-01-08,17.71,1996-07-26,+5.59%,1997-07-22
1997-08-20,CLU97,"Crude Oil WTI September 1997 Futures",20.06,22.36,1997-01-08,18.25,1996-08-27,+8.84%,1997-08-20
1997-09-22,CLV97,"Crude Oil WTI October 1997 Futures",19.6,21.96,1997-01-15,18.95,1997-06-20,+1.08%,1997-09-22
1997-10-21,CLX97,"Crude Oil WTI November 1997 Futures",20.67,23.15,1997-10-03,19.05,1997-07-18,-0.24%,1997-10-21
1997-11-20,CLZ97,"Crude Oil WTI December 1997 Futures",19.16,22.95,1997-10-03,19.05,1997-11-20,-3.28%,1997-11-20
1997-12-19,CLF98,"Crude Oil WTI January 1998 Futures",18.39,22.65,1997-10-03,17.95,1997-12-11,-9.27%,1997-12-19
1998-01-20,CLG98,"Crude Oil WTI February 1998 Futures",16.42,22.3,1997-10-03,16.3,1998-01-12,-19.07%,1998-01-20
1998-02-20,CLH98,"Crude Oil WTI March 1998 Futures",16.15,22.05,1997-10-03,15.45,1998-02-18,-18.97%,1998-02-20
1998-03-20,CLJ98,"Crude Oil WTI April 1998 Futures",14.32,21.74,1997-10-06,12.8,1998-03-17,-30.79%,1998-03-20
1998-04-21,CLK98,"Crude Oil WTI May 1998 Futures",15.45,21.59,1997-10-06,13.15,1998-03-17,-21.85%,1998-04-21
1998-05-19,CLM98,"Crude Oil WTI June 1998 Futures",12.96,21.35,1997-10-06,12.5,1998-05-19,-37.69%,1998-05-19
1998-06-22,CLN98,"Crude Oil WTI July 1998 Futures",13.43,21.1,1997-10-03,11.4,1998-06-15,-31.09%,1998-06-22
1998-07-21,CLQ98,"Crude Oil WTI August 1998 Futures",13.79,21,1997-10-03,12.95,1998-06-15,-30.11%,1998-07-21
1998-08-20,CLU98,"Crude Oil WTI September 1998 Futures",13.3,20.82,1997-10-03,12.56,1998-08-11,-33.90%,1998-08-20
1998-09-22,CLV98,"Crude Oil WTI October 1998 Futures",15.67,20.75,1997-10-03,12.95,1998-08-11,-20.70%,1998-09-22
1998-10-20,CLX98,"Crude Oil WTI November 1998 Futures",13.33,20.44,1997-10-22,13.07,1998-10-20,-34.04%,1998-10-20
1998-11-20,CLZ98,"Crude Oil WTI December 1998 Futures",12.14,19.78,1997-11-25,11.65,1998-11-18,-37.45%,1998-11-20
1998-12-21,CLF99,"Crude Oil WTI January 1999 Futures",10.81,19.05,1997-12-23,10.35,1998-12-21,-43.58%,1998-12-21
1999-01-20,CLG99,"Crude Oil WTI February 1999 Futures",11.81,18.8,1998-02-02,10.75,1998-12-21,-34.86%,1999-01-20
1999-02-22,CLH99,"Crude Oil WTI March 1999 Futures",11.96,18.1,1998-03-26,11.1,1998-12-21,-33.26%,1999-02-22
1999-03-22,CLJ99,"Crude Oil WTI April 1999 Futures",15.5,17.95,1998-05-04,11.35,1998-12-21,-7.63%,1999-03-22
1999-04-20,CLK99,"Crude Oil WTI May 1999 Futures",17.78,18.2,1999-04-20,11.53,1999-02-17,+1.95%,1999-04-20
1999-05-20,CLM99,"Crude Oil WTI June 1999 Futures",17.03,19.09,1999-05-05,11.7,1999-02-17,+0.12%,1999-05-20
1999-06-22,CLN99,"Crude Oil WTI July 1999 Futures",17.61,19,1999-05-05,11.9,1999-02-17,+3.47%,1999-06-22
1999-07-20,CLQ99,"Crude Oil WTI August 1999 Futures",19.37,20.7,1999-07-19,12.01,1999-02-17,+15.02%,1999-07-20
1999-08-23,CLU99,"Crude Oil WTI September 1999 Futures",21.85,21.95,1999-08-20,12.19,1999-02-16,+39.88%,1999-08-23
1999-09-21,CLV99,"Crude Oil WTI October 1999 Futures",24.46,24.85,1999-09-17,12.32,1999-02-16,+45.42%,1999-09-21
1999-10-20,CLX99,"Crude Oil WTI November 1999 Futures",22.2,25.12,1999-09-29,12.45,1999-02-16,+43.04%,1999-10-20
1999-11-22,CLZ99,"Crude Oil WTI December 1999 Futures",26.3,27,1999-11-19,12.55,1999-02-17,+67.20%,1999-11-22
1999-12-21,CLF00,"Crude Oil WTI January 2000 Futures",26.54,27.15,1999-11-22,12.7,1999-02-16,+95.29%,1999-12-21
2000-01-20,CLG00,"Crude Oil WTI February 2000 Futures",29.66,29.95,2000-01-20,12.81,1999-02-16,+120.52%,2000-01-20
2000-02-22,CLH00,"Crude Oil WTI March 2000 Futures",29.62,30.45,2000-02-15,13.28,1999-02-26,+121.87%,2000-02-22
2000-03-21,CLJ00,"Crude Oil WTI April 2000 Futures",28,34.37,2000-03-08,15.08,1999-03-24,+85.68%,2000-03-21
2000-04-19,CLK00,"Crude Oil WTI May 2000 Futures",27.35,32.57,2000-03-08,15.67,1999-04-21,+67.79%,2000-04-19
2000-05-22,CLM00,"Crude Oil WTI June 2000 Futures",28.61,31.18,2000-03-08,16.05,1999-06-01,+71.73%,2000-05-22
2000-06-20,CLN00,"Crude Oil WTI July 2000 Futures",33.05,33.4,2000-06-20,17.37,1999-06-21,+88.53%,2000-06-20
2000-07-20,CLQ00,"Crude Oil WTI August 2000 Futures",30.93,32.95,2000-06-30,18.09,1999-07-22,+70.04%,2000-07-20
2000-08-22,CLU00,"Crude Oil WTI September 2000 Futures",31.22,33,2000-08-21,18.34,1999-08-26,+65.01%,2000-08-22
2000-09-20,CLV00,"Crude Oil WTI October 2000 Futures",37.2,37.8,2000-09-20,18.8,1999-10-11,+93.15%,2000-09-20
2000-10-20,CLX00,"Crude Oil WTI November 2000 Futures",33.75,37,2000-10-12,18.85,1999-12-01,+67.66%,2000-10-20
2000-11-17,CLZ00,"Crude Oil WTI December 2000 Futures",35.45,36.9,2000-10-12,18.7,1999-12-01,+74.54%,2000-11-17
2000-12-19,CLF01,"Crude Oil WTI January 2001 Futures",29.33,35.94,2000-10-12,19.85,2000-01-06,+46.65%,2000-12-19
2001-01-22,CLG01,"Crude Oil WTI February 2001 Futures",32.19,35.64,2000-10-12,21.31,2000-01-28,+49.03%,2001-01-22
2001-02-20,CLH01,"Crude Oil WTI March 2001 Futures",28.58,34.5,2000-10-12,21.75,2000-04-10,+27.82%,2001-02-20
2001-03-20,CLJ01,"Crude Oil WTI April 2001 Futures",25.96,34.4,2000-10-12,21.56,2000-04-10,+13.21%,2001-03-20
2001-04-20,CLK01,"Crude Oil WTI May 2001 Futures",27.28,33.5,2000-10-12,22.41,2000-04-25,+20.65%,2001-04-20
2001-05-25,CLM01,"Crude Oil WTI June 2001 Futures",29.74,33.75,2000-10-12,24.1,2000-05-31,+19.06%,2001-05-25
2001-06-21,CLN01,"Crude Oil WTI July 2001 Futures",26.58,32.2,2000-10-12,24.32,2000-12-28,+5.64%,2001-06-21
2001-07-23,CLQ01,"Crude Oil WTI August 2001 Futures",24.45,31.6,2000-10-12,24.11,2000-12-20,-3.89%,2001-07-23
2001-08-21,CLU01,"Crude Oil WTI September 2001 Futures",27.91,31.04,2000-10-12,23.88,2000-12-20,+4.18%,2001-08-21
2001-09-21,CLV01,"Crude Oil WTI October 2001 Futures",26.59,30.58,2000-10-12,23.66,2000-12-20,-6.90%,2001-09-21
2001-10-22,CLX01,"Crude Oil WTI November 2001 Futures",21.76,30.03,2001-09-14,20.3,2001-09-26,-22.37%,2001-10-22
2001-11-19,CLZ01,"Crude Oil WTI December 2001 Futures",17.72,30.2,2001-09-14,16.7,2001-11-19,-35.19%,2001-11-19
2001-12-19,CLF02,"Crude Oil WTI January 2002 Futures",19.36,28.95,2001-09-17,17.12,2001-11-19,-20.20%,2001-12-19
2002-01-22,CLG02,"Crude Oil WTI February 2002 Futures",18.34,28.4,2001-09-17,17.3,2001-11-19,-24.25%,2002-01-22
2002-02-20,CLH02,"Crude Oil WTI March 2002 Futures",20.29,27.88,2001-09-17,17.55,2001-11-19,-19.71%,2002-02-20
2002-03-22,CLJ02,"Crude Oil WTI April 2002 Futures",24.9,27.5,2001-09-18,17.95,2001-11-19,+0.44%,2002-03-22
2002-04-22,CLK02,"Crude Oil WTI May 2002 Futures",26.27,28.35,2002-04-04,18.2,2001-11-19,+2.66%,2002-04-22
2002-05-21,CLM02,"Crude Oil WTI June 2002 Futures",27.33,29.54,2002-05-15,18.4,2001-11-19,+3.13%,2002-05-21
2002-06-20,CLN02,"Crude Oil WTI July 2002 Futures",25.53,28.58,2002-05-14,18.75,2001-11-19,+3.40%,2002-06-20
2002-07-22,CLQ02,"Crude Oil WTI August 2002 Futures",26.6,28.15,2002-05-14,18.7,2001-11-19,+8.66%,2002-07-22
2002-08-20,CLU02,"Crude Oil WTI September 2002 Futures",30.11,30.32,2002-08-20,19.1,2001-11-15,+23.60%,2002-08-20
2002-09-20,CLV02,"Crude Oil WTI October 2002 Futures",29.61,30.2,2002-09-10,19.28,2001-11-15,+21.30%,2002-09-20
2002-10-22,CLX02,"Crude Oil WTI November 2002 Futures",27.92,31.39,2002-09-24,19.36,2001-11-15,+25.54%,2002-10-22
2002-11-21,CLZ02,"Crude Oil WTI December 2002 Futures",26.8,31.02,2002-09-24,19.72,2001-12-13,+32.28%,2002-11-21
2002-12-19,CLF03,"Crude Oil WTI January 2003 Futures",30.56,31.25,2002-12-18,19.84,2002-01-17,+46.71%,2002-12-19
2003-01-21,CLG03,"Crude Oil WTI February 2003 Futures",34.61,35.2,2003-01-21,20.03,2002-01-22,+73.48%,2003-01-21
2003-02-20,CLH03,"Crude Oil WTI March 2003 Futures",36.79,37.55,2003-02-20,20.64,2002-02-25,+77.90%,2003-02-20
2003-03-20,CLJ03,"Crude Oil WTI April 2003 Futures",28.61,39.99,2003-02-27,22.26,2002-04-12,+21.33%,2003-03-20
2003-04-22,CLK03,"Crude Oil WTI May 2003 Futures",29.91,36.87,2003-03-10,23.55,2002-11-13,+24.31%,2003-04-22
2003-05-20,CLM03,"Crude Oil WTI June 2003 Futures",29.28,34.9,2003-03-10,23.4,2002-11-13,+17.68%,2003-05-20
2003-06-20,CLN03,"Crude Oil WTI July 2003 Futures",30.82,33.39,2003-03-13,23.48,2002-11-14,+26.00%,2003-06-20
2003-07-22,CLQ03,"Crude Oil WTI August 2003 Futures",30.19,32.37,2003-03-12,23.3,2002-11-14,+23.78%,2003-07-22
2003-08-20,CLU03,"Crude Oil WTI September 2003 Futures",30.95,32.85,2003-08-08,23.25,2002-11-13,+22.43%,2003-08-20
2003-09-22,CLV03,"Crude Oil WTI October 2003 Futures",26.96,32.63,2003-08-08,23.22,2002-11-13,+9.50%,2003-09-22
2003-10-21,CLX03,"Crude Oil WTI November 2003 Futures",30.18,32.6,2003-10-10,23.13,2002-11-13,+23.23%,2003-10-21
2003-11-20,CLZ03,"Crude Oil WTI December 2003 Futures",32.86,33.55,2003-11-20,23.69,2002-11-25,+37.03%,2003-11-20
2003-12-19,CLF04,"Crude Oil WTI January 2004 Futures",33.02,33.93,2003-12-19,24.12,2002-12-30,+33.74%,2003-12-19
2004-01-20,CLG04,"Crude Oil WTI February 2004 Futures",36.2,36.37,2004-01-20,24.36,2003-04-29,+41.46%,2004-01-20
2004-02-20,CLH04,"Crude Oil WTI March 2004 Futures",35.6,36.1,2004-02-20,24.13,2003-04-07,+34.14%,2004-02-20
2004-03-22,CLJ04,"Crude Oil WTI April 2004 Futures",37.11,38.5,2004-03-19,23.99,2003-03-25,+53.54%,2004-03-22
2004-04-20,CLK04,"Crude Oil WTI May 2004 Futures",37.6,38.3,2004-04-19,24.1,2003-04-29,+48.62%,2004-04-20
2004-05-20,CLM04,"Crude Oil WTI June 2004 Futures",40.92,41.85,2004-05-17,24.71,2003-05-28,+63.81%,2004-05-20
2004-06-22,CLN04,"Crude Oil WTI July 2004 Futures",38.11,42.45,2004-06-02,25.28,2003-06-26,+49.74%,2004-06-22
2004-07-20,CLQ04,"Crude Oil WTI August 2004 Futures",40.86,42.3,2004-07-20,25.69,2003-09-23,+55.18%,2004-07-20
2004-08-20,CLU04,"Crude Oil WTI September 2004 Futures",47.86,49.4,2004-08-20,25.58,2003-09-23,+78.38%,2004-08-20
2004-09-21,CLV04,"Crude Oil WTI October 2004 Futures",47.1,48.37,2004-08-20,25.47,2003-09-24,+84.34%,2004-09-21
2004-10-20,CLX04,"Crude Oil WTI November 2004 Futures",54.92,55.33,2004-10-18,26.08,2003-10-30,+105.69%,2004-10-20
2004-11-19,CLZ04,"Crude Oil WTI December 2004 Futures",48.44,55.67,2004-10-25,26.25,2003-11-24,+76.47%,2004-11-19
2004-12-20,CLF05,"Crude Oil WTI January 2005 Futures",45.64,55.3,2004-10-27,27.82,2003-12-22,+61.50%,2004-12-20
2005-01-20,CLG05,"Crude Oil WTI February 2005 Futures",46.91,54.75,2004-10-27,28.35,2004-02-05,+55.74%,2005-01-20
2005-02-22,CLH05,"Crude Oil WTI March 2005 Futures",51.15,54,2004-10-27,29.67,2004-02-23,+71.47%,2005-02-22
2005-03-21,CLJ05,"Crude Oil WTI April 2005 Futures",56.62,57.6,2005-03-17,30.58,2004-04-01,+75.13%,2005-03-21
2005-04-20,CLK05,"Crude Oil WTI May 2005 Futures",52.44,58.28,2005-04-04,31.75,2004-04-21,+62.81%,2005-04-20
2005-05-20,CLM05,"Crude Oil WTI June 2005 Futures",46.8,59.32,2005-04-04,34.09,2004-06-30,+33.07%,2005-05-20
2005-06-21,CLN05,"Crude Oil WTI July 2005 Futures",58.9,59.94,2005-04-04,33.94,2004-06-29,+69.55%,2005-06-21
2005-07-21,CLQ05,"Crude Oil WTI August 2005 Futures",57.05,62.1,2005-07-07,36.58,2004-07-22,+56.77%,2005-07-21
2005-08-22,CLU05,"Crude Oil WTI September 2005 Futures",65.45,67.1,2005-08-12,38.64,2004-08-30,+57.60%,2005-08-22
2005-09-20,CLV05,"Crude Oil WTI October 2005 Futures",66.23,70.85,2005-08-30,40.32,2004-12-28,+63.53%,2005-09-20
2005-10-20,CLX05,"Crude Oil WTI November 2005 Futures",61.03,71.15,2005-08-29,40.17,2004-12-28,+27.87%,2005-10-20
2005-11-18,CLZ05,"Crude Oil WTI December 2005 Futures",56.14,71.57,2005-08-29,39.87,2004-12-08,+30.62%,2005-11-18
2005-12-20,CLF06,"Crude Oil WTI January 2006 Futures",57.98,71.68,2005-08-29,39.85,2004-12-27,+35.12%,2005-12-20
2006-01-20,CLG06,"Crude Oil WTI February 2006 Futures",68.35,71.87,2005-08-29,44.24,2005-02-09,+54.85%,2006-01-20
2006-02-21,CLH06,"Crude Oil WTI March 2006 Futures",61.1,71.11,2005-08-29,47.6,2005-02-23,+32.22%,2006-02-21
2006-03-21,CLJ06,"Crude Oil WTI April 2006 Futures",60.57,71,2005-08-29,50.72,2005-05-19,+7.00%,2006-03-21
2006-04-20,CLK06,"Crude Oil WTI May 2006 Futures",71.95,72.49,2006-04-20,50.61,2005-05-19,+32.85%,2006-04-20
2006-05-22,CLM06,"Crude Oil WTI June 2006 Futures",69.23,75.35,2006-04-24,50.7,2005-05-23,+35.82%,2006-05-22
2006-06-20,CLN06,"Crude Oil WTI July 2006 Futures",68.94,76.4,2006-05-03,58.2,2005-11-30,+15.13%,2006-06-20
2006-07-20,CLQ06,"Crude Oil WTI August 2006 Futures",73.08,78.4,2006-07-14,58.61,2005-11-30,+23.61%,2006-07-20
2006-08-22,CLU06,"Crude Oil WTI September 2006 Futures",72.63,79.86,2006-07-14,58.4,2005-11-30,+10.15%,2006-08-22
2006-09-20,CLV06,"Crude Oil WTI October 2006 Futures",60.46,80.37,2006-07-14,58.31,2005-11-30,-9.16%,2006-09-20
2006-10-20,CLX06,"Crude Oil WTI November 2006 Futures",56.82,80.64,2006-07-14,56.55,2006-10-20,-4.92%,2006-10-20
2006-11-17,CLZ06,"Crude Oil WTI December 2006 Futures",55.81,81,2006-07-14,54.86,2006-11-17,-5.37%,2006-11-17
2006-12-19,CLF07,"Crude Oil WTI January 2007 Futures",63.15,81.14,2006-07-14,57.8,2006-11-17,+3.61%,2006-12-19
2007-01-22,CLG07,"Crude Oil WTI February 2007 Futures",51.13,81.24,2006-07-14,49.9,2007-01-18,-27.11%,2007-01-22
2007-02-20,CLH07,"Crude Oil WTI March 2007 Futures",58.07,81.24,2006-07-14,51.03,2007-01-17,-11.90%,2007-02-20
2007-03-20,CLJ07,"Crude Oil WTI April 2007 Futures",56.73,81.19,2006-07-14,51.68,2007-01-17,-13.74%,2007-03-20
2007-04-20,CLK07,"Crude Oil WTI May 2007 Futures",63.38,81.13,2006-07-14,52.24,2007-01-17,-15.53%,2007-04-20
2007-05-22,CLM07,"Crude Oil WTI June 2007 Futures",64.97,81.05,2006-07-14,52.73,2007-01-17,-11.57%,2007-05-22
2007-06-20,CLN07,"Crude Oil WTI July 2007 Futures",68.19,80.86,2006-08-07,53.34,2007-01-17,-5.09%,2007-06-20
2007-07-20,CLQ07,"Crude Oil WTI August 2007 Futures",75.57,80.76,2006-08-07,54.25,2007-01-18,-1.43%,2007-07-20
2007-08-21,CLU07,"Crude Oil WTI September 2007 Futures",69.47,78.77,2007-08-01,54.3,2007-01-17,-9.70%,2007-08-21
2007-09-20,CLV07,"Crude Oil WTI October 2007 Futures",83.32,83.9,2007-09-20,55.1,2007-01-17,+25.33%,2007-09-20
2007-10-22,CLX07,"Crude Oil WTI November 2007 Futures",87.56,90.07,2007-10-19,55.3,2007-01-17,+31.47%,2007-10-22
2007-11-16,CLZ07,"Crude Oil WTI December 2007 Futures",95.1,98.62,2007-11-07,54.97,2007-01-17,+44.51%,2007-11-16
2007-12-18,CLF08,"Crude Oil January 2008 Futures",90.49,99.29,2007-11-21,56.25,2007-01-17,+34.74%,2007-12-18
2008-01-22,CLG08,"Crude Oil February 2008 Futures",89.85,100.09,2008-01-03,59.23,2007-01-29,+53.88%,2008-01-22
2008-02-20,CLH08,"Crude Oil March 2008 Futures",100.74,101.32,2008-02-20,64.43,2007-02-21,+59.63%,2008-02-20
2008-03-19,CLJ08,"Crude Oil April 2008 Futures",104.48,111.8,2008-03-17,64.88,2007-03-20,+60.02%,2008-03-19
2008-04-22,CLK08,"Crude Oil May 2008 Futures",119.37,119.9,2008-04-22,67.95,2007-08-21,+71.63%,2008-04-22
2008-05-20,CLM08,"Crude Oil June 2008 Futures",129.07,129.6,2008-05-20,67.5,2007-08-22,+81.99%,2008-05-20
2008-06-20,CLN08,"Crude Oil July 2008 Futures",134.62,139.89,2008-06-16,67.81,2007-08-21,+86.45%,2008-06-20
2008-07-22,CLQ08,"Crude Oil August 2008 Futures",127.95,147.27,2008-07-11,67.85,2007-08-23,+75.27%,2008-07-22
2008-08-20,CLU08,"Crude Oil September 2008 Futures",114.98,147.9,2008-07-11,67.8,2007-08-21,+67.07%,2008-08-20
2008-09-22,CLV08,"Crude Oil October 2008 Futures",120.92,148.13,2008-07-11,74.05,2007-10-02,+57.94%,2008-09-22
2008-10-21,CLX08,"Crude Oil November 2008 Futures",70.89,148.47,2008-07-11,68.57,2008-10-16,-11.31%,2008-10-21
2008-11-20,CLZ08,"Crude Oil December 2008 Futures",49.62,148.6,2008-07-11,48.64,2008-11-20,-44.59%,2008-11-20
2008-12-19,CLF09,"Crude Oil January 2009 Futures",33.87,148.35,2008-07-11,32.4,2008-12-19,-61.76%,2008-12-19
2009-01-20,CLG09,"Crude Oil February 2009 Futures",38.74,148.17,2008-07-11,32.7,2009-01-20,-55.27%,2009-01-20
2009-02-20,CLH09,"Crude Oil March 2009 Futures",38.94,148.35,2008-07-11,33.55,2009-02-12,-59.46%,2009-02-20
2009-03-20,CLJ09,"Crude Oil April 2009 Futures",51.06,146.86,2008-07-14,37.12,2009-02-19,-47.33%,2009-03-20
2009-04-21,CLK09,"Crude Oil May 2009 Futures",46.51,146.69,2008-07-14,39.42,2009-02-19,-57.94%,2009-04-21
2009-05-19,CLM09,"Crude Oil June 2009 Futures",59.65,147.91,2008-07-11,40.85,2009-02-19,-52.70%,2009-05-19
2009-06-22,CLN09,"Crude Oil July 2009 Futures",66.93,147.4,2008-07-11,42.19,2009-02-19,-50.22%,2009-06-22
2009-07-21,CLQ09,"Crude Oil August 2009 Futures",64.72,130.59,2008-07-22,43.42,2009-02-18,-51.48%,2009-07-21
2009-08-20,CLU09,"Crude Oil September 2009 Futures",72.54,123.7,2008-08-21,44.28,2009-02-18,-38.13%,2009-08-20
2009-09-22,CLV09,"Crude Oil October 2009 Futures",71.55,108.44,2008-09-25,45.13,2009-02-18,-34.90%,2009-09-22
2009-10-20,CLX09,"Crude Oil November 2009 Futures",79.09,80.05,2009-10-20,45.87,2009-02-18,-0.38%,2009-10-20
2009-11-20,CLZ09,"Crude Oil December 2009 Futures",76.72,82,2009-10-21,46.14,2009-02-19,+28.23%,2009-11-20
2009-12-21,CLF10,"Crude Oil January 2010 Futures",72.47,82.58,2009-10-21,47.31,2009-02-18,+29.48%,2009-12-21
2010-01-20,CLG10,"Crude Oil February 2010 Futures",77.62,83.95,2010-01-11,47.6,2009-02-19,+39.33%,2010-01-20
2010-02-22,CLH10,"Crude Oil March 2010 Futures",80.16,84.45,2010-01-11,49.78,2009-03-03,+57.11%,2010-02-22
2010-03-22,CLJ10,"Crude Oil April 2010 Futures",81.25,84.96,2010-01-11,58.45,2009-04-27,+30.29%,2010-03-22
2010-04-20,CLK10,"Crude Oil May 2010 Futures",83.45,87.09,2010-04-06,59.08,2009-04-27,+38.74%,2010-04-20
2010-05-20,CLM10,"Crude Oil June 2010 Futures",68.01,87.59,2010-04-06,64.24,2010-05-20,+0.91%,2010-05-20
2010-06-22,CLN10,"Crude Oil July 2010 Futures",77.21,89.77,2010-05-03,66.11,2009-07-13,+5.38%,2010-06-22
2010-07-20,CLQ10,"Crude Oil WTI August 2010 Futures",77.44,91.38,2010-05-03,68.59,2010-05-25,+5.17%,2010-07-20
2010-08-20,CLU10,"Crude Oil WTI September 2010 Futures",73.46,92.18,2010-05-03,69.62,2010-05-25,-6.71%,2010-08-20
2010-09-21,CLV10,"Crude Oil WTI October 2010 Futures",73.52,92.75,2010-05-03,70.35,2010-05-25,-1.76%,2010-09-21
2010-10-20,CLX10,"Crude Oil WTI November 2010 Futures",81.77,93.14,2010-05-03,70.96,2010-05-25,-2.04%,2010-10-20
2010-11-19,CLZ10,"Crude Oil WTI December 2010 Futures",81.51,93.55,2010-05-03,71.5,2010-05-25,-3.31%,2010-11-19
2010-12-20,CLF11,"Crude Oil WTI January 2011 Futures",88.81,93.31,2010-05-03,72.06,2010-05-25,+9.76%,2010-12-20
2011-01-20,CLG11,"Crude Oil WTI February 2011 Futures",88.86,93.87,2010-05-03,72.76,2010-05-25,+6.55%,2011-01-20
2011-02-22,CLH11,"Crude Oil WTI March 2011 Futures",93.57,94.49,2011-02-22,72.64,2010-05-25,+11.89%,2011-02-22
2011-03-22,CLJ11,"Crude Oil WTI April 2011 Futures",104,106.95,2011-03-07,73.52,2010-05-25,+23.56%,2011-03-22
2011-04-19,CLK11,"Crude Oil WTI May 2011 Futures",108.15,113.46,2011-04-11,73.29,2010-05-25,+21.80%,2011-04-19
2011-05-20,CLM11,"Crude Oil WTI June 2011 Futures",99.49,114.83,2011-05-02,73.51,2010-05-25,+30.17%,2011-05-20
2011-06-21,CLN11,"Crude Oil WTI July 2011 Futures",93.4,115.27,2011-05-02,76.32,2010-07-02,+11.44%,2011-06-21
2011-07-20,CLQ11,"Crude Oil WTI August 2011 Futures",98.14,115.52,2011-05-02,76.56,2010-08-25,+20.52%,2011-07-20
2011-08-22,CLU11,"Crude Oil WTI September 2011 Futures",84.12,115.6,2011-05-02,75.71,2011-08-09,+6.31%,2011-08-22
2011-09-20,CLV11,"Crude Oil WTI October 2011 Futures",86.89,115.55,2011-05-02,76.15,2011-08-09,+4.35%,2011-09-20
2011-10-20,CLX11,"Crude Oil WTI November 2011 Futures",85.3,115.46,2011-05-02,74.95,2011-10-04,-1.33%,2011-10-20
2011-11-18,CLZ11,"Crude Oil WTI December 2011 Futures",97.41,115.45,2011-05-02,75.15,2011-10-04,+13.08%,2011-11-18
2011-12-20,CLF12,"Crude Oil WTI January 2012 Futures",97.22,115.22,2011-05-02,75.36,2011-10-04,+5.33%,2011-12-20
2012-01-20,CLG12,"Crude Oil WTI February 2012 Futures",98.46,114.57,2011-05-02,75.73,2011-10-04,+3.52%,2012-01-20
2012-02-21,CLH12,"Crude Oil WTI March 2012 Futures",105.84,114.87,2011-05-02,75.92,2011-10-04,+7.56%,2012-02-21
2012-03-20,CLJ12,"Crude Oil WTI April 2012 Futures",105.61,114.09,2011-05-02,76.17,2011-10-04,+2.66%,2012-03-20
2012-04-20,CLK12,"Crude Oil WTI May 2012 Futures",103.05,113.65,2011-04-29,76.53,2011-10-04,-7.24%,2012-04-20
2012-05-22,CLM12,"Crude Oil WTI June 2012 Futures",91.66,111.3,2012-03-01,76.88,2011-10-04,-9.41%,2012-05-22
2012-06-20,CLN12,"Crude Oil WTI July 2012 Futures",81.8,111.49,2012-03-01,77.4,2011-10-04,-15.82%,2012-06-20
2012-07-20,CLQ12,"Crude Oil WTI August 2012 Futures",91.44,111.38,2012-03-01,77.28,2012-06-28,-10.77%,2012-07-20
2012-08-21,CLU12,"Crude Oil WTI September 2012 Futures",96.68,110.75,2012-03-01,77.7,2012-06-28,+11.36%,2012-08-21
2012-09-20,CLV12,"Crude Oil WTI October 2012 Futures",91.87,110.65,2012-03-01,78.16,2012-06-28,+2.38%,2012-09-20
2012-10-22,CLX12,"Crude Oil WTI November 2012 Futures",88.73,110.08,2012-02-24,78.73,2012-06-28,+0.32%,2012-10-22
2012-11-16,CLZ12,"Crude Oil WTI December 2012 Futures",86.67,110.25,2012-03-01,79.12,2012-06-28,-13.15%,2012-11-16
2012-12-19,CLF13,"Crude Oil WTI January 2013 Futures",89.51,109.72,2012-03-19,79.68,2012-06-22,-3.83%,2012-12-19
2013-01-22,CLG13,"Crude Oil WTI February 2013 Futures",96.24,109.5,2012-03-19,80.06,2012-06-28,-2.81%,2013-01-22
2013-02-20,CLH13,"Crude Oil WTI March 2013 Futures",94.46,109.18,2012-03-19,80.48,2012-06-28,-9.56%,2013-02-20
2013-03-20,CLJ13,"Crude Oil WTI April 2013 Futures",92.96,108.57,2012-03-27,81,2012-06-22,-13.16%,2013-03-20
2013-04-22,CLK13,"Crude Oil WTI May 2013 Futures",88.76,106.09,2012-05-01,81,2012-06-22,-14.97%,2013-04-22
2013-05-21,CLM13,"Crude Oil WTI June 2013 Futures",96.16,101.42,2012-09-14,81.35,2012-06-28,+2.82%,2013-05-21
2013-06-20,CLN13,"Crude Oil WTI July 2013 Futures",95.4,100.4,2012-09-14,81.5,2012-06-22,+12.67%,2013-06-20
2013-07-22,CLQ13,"Crude Oil WTI August 2013 Futures",106.91,109.32,2013-07-19,86.29,2013-04-18,+14.81%,2013-07-22
2013-08-20,CLU13,"Crude Oil WTI September 2013 Futures",104.96,108.93,2013-07-19,86.24,2013-04-18,+8.50%,2013-08-20
2013-09-20,CLV13,"Crude Oil WTI October 2013 Futures",104.67,112.24,2013-08-28,86.04,2013-04-18,+12.85%,2013-09-20
2013-10-22,CLX13,"Crude Oil WTI November 2013 Futures",97.8,111.34,2013-08-28,85.79,2013-04-18,+7.56%,2013-10-22
2013-11-20,CLZ13,"Crude Oil WTI December 2013 Futures",93.33,109.7,2013-08-28,85.52,2013-04-18,+3.64%,2013-11-20
2013-12-19,CLF14,"Crude Oil WTI January 2014 Futures",98.77,107.94,2013-08-28,85.46,2013-04-18,+7.45%,2013-12-19
2014-01-21,CLG14,"Crude Oil WTI February 2014 Futures",94.99,106.22,2013-08-28,85.57,2013-04-18,0.00%,2014-01-21
2014-02-20,CLH14,"Crude Oil WTI March 2014 Futures",102.92,104.37,2013-08-28,84.88,2013-04-18,+8.63%,2014-02-20
2014-03-20,CLJ14,"Crude Oil WTI April 2014 Futures",99.43,105.22,2014-03-03,85.2,2013-04-18,+9.11%,2014-03-20
2014-04-22,CLK14,"Crude Oil WTI May 2014 Futures",102.13,104.99,2014-04-16,87.59,2013-04-23,+16.92%,2014-04-22
2014-05-20,CLM14,"Crude Oil WTI June 2014 Futures",102.44,104.1,2014-04-16,88.01,2013-06-24,+10.53%,2014-05-20
2014-06-20,CLN14,"Crude Oil WTI July 2014 Futures",107.26,107.73,2014-06-20,88.01,2013-06-24,+19.20%,2014-06-20
2014-07-22,CLQ14,"Crude Oil WTI August 2014 Futures",104.42,107.5,2014-06-25,89.73,2014-01-09,+11.06%,2014-07-22
2014-08-20,CLU14,"Crude Oil WTI September 2014 Futures",96.07,106.64,2014-06-25,89.09,2014-01-13,+0.95%,2014-08-20
2014-09-22,CLV14,"Crude Oil WTI October 2014 Futures",91.52,105.55,2014-06-23,88.69,2014-01-13,-3.08%,2014-09-22
2014-10-21,CLX14,"Crude Oil WTI November 2014 Futures",82.81,104.44,2014-06-25,79.78,2014-10-16,-11.80%,2014-10-21
2014-11-20,CLZ14,"Crude Oil WTI December 2014 Futures",75.58,103.66,2014-06-25,73.25,2014-11-14,-16.92%,2014-11-20
2014-12-19,CLF15,"Crude Oil WTI January 2015 Futures",56.52,102.53,2014-06-25,53.6,2014-12-16,-37.91%,2014-12-19
2015-01-20,CLG15,"Crude Oil WTI February 2015 Futures",46.39,101.33,2014-06-25,44.2,2015-01-13,-47.04%,2015-01-20
2015-02-20,CLH15,"Crude Oil WTI March 2015 Futures",50.34,100.52,2014-06-25,43.58,2015-01-29,-45.50%,2015-02-20
2015-03-20,CLJ15,"Crude Oil WTI April 2015 Futures",45.72,99.53,2014-07-01,42.03,2015-03-18,-49.14%,2015-03-20
2015-04-21,CLK15,"Crude Oil WTI May 2015 Futures",55.26,98.87,2014-06-25,44.03,2015-03-18,-40.85%,2015-04-21
2015-05-19,CLM15,"Crude Oil WTI June 2015 Futures",57.26,98.22,2014-07-01,45.93,2015-03-18,-38.28%,2015-05-19
2015-06-22,CLN15,"Crude Oil WTI July 2015 Futures",59.68,97.37,2014-07-01,47.46,2015-03-18,-38.30%,2015-06-22
2015-07-21,CLQ15,"Crude Oil WTI August 2015 Futures",50.36,95.28,2014-07-23,48.71,2015-03-18,-46.99%,2015-07-21
2015-08-20,CLU15,"Crude Oil WTI September 2015 Futures",41.14,92.31,2014-08-29,40.21,2015-08-20,-54.79%,2015-08-20
2015-09-22,CLV15,"Crude Oil WTI October 2015 Futures",45.83,89.65,2014-09-24,37.75,2015-08-24,-48.63%,2015-09-22
2015-10-20,CLX15,"Crude Oil WTI November 2015 Futures",45.55,81.47,2014-10-29,38.51,2015-08-24,-42.59%,2015-10-20
2015-11-20,CLZ15,"Crude Oil WTI December 2015 Futures",40.39,77.69,2014-11-21,38.99,2015-11-20,-46.76%,2015-11-20
2015-12-21,CLF16,"Crude Oil WTI January 2016 Futures",34.74,65.56,2015-05-06,33.98,2015-12-21,-43.22%,2015-12-21
2016-01-20,CLG16,"Crude Oil WTI February 2016 Futures",26.55,65.5,2015-05-06,26.19,2016-01-20,-50.73%,2016-01-20
2016-02-22,CLH16,"Crude Oil WTI March 2016 Futures",31.48,65.61,2015-05-06,26.05,2016-02-11,-47.70%,2016-02-22
2016-03-21,CLJ16,"Crude Oil WTI April 2016 Futures",39.91,65.71,2015-05-06,28.74,2016-02-11,-29.44%,2016-03-21
2016-04-20,CLK16,"Crude Oil WTI May 2016 Futures",42.63,65.39,2015-05-06,29.85,2016-01-20,-32.04%,2016-04-20
2016-05-20,CLM16,"Crude Oil WTI June 2016 Futures",47.75,64,2015-06-10,30.79,2016-01-20,-23.34%,2016-05-20
2016-06-21,CLN16,"Crude Oil WTI July 2016 Futures",48.85,63.61,2015-06-23,31.61,2016-01-20,-21.85%,2016-06-21
2016-07-20,CLQ16,"Crude Oil WTI August 2016 Futures",44.94,55.98,2015-07-21,32.22,2016-01-20,-18.60%,2016-07-20
2016-08-22,CLU16,"Crude Oil WTI September 2016 Futures",47.05,54.91,2015-08-31,32.85,2016-01-20,+0.79%,2016-08-22
2016-09-20,CLV16,"Crude Oil WTI October 2016 Futures",43.44,54.34,2015-10-09,33.28,2016-01-20,-12.60%,2016-09-20
2016-10-20,CLX16,"Crude Oil WTI November 2016 Futures",50.43,53.39,2016-06-09,34.1,2016-01-20,-1.64%,2016-10-20
2016-11-21,CLZ16,"Crude Oil WTI December 2016 Futures",47.49,53.62,2016-06-09,34.06,2016-01-20,-1.98%,2016-11-21
2016-12-20,CLF17,"Crude Oil WTI January 2017 Futures",52.23,54.51,2016-12-12,34.55,2016-01-20,+20.32%,2016-12-20
2017-01-20,CLG17,"Crude Oil WTI February 2017 Futures",52.42,55.44,2016-12-12,35.1,2016-01-21,+46.71%,2017-01-20
2017-02-21,CLH17,"Crude Oil WTI March 2017 Futures",54.06,56.24,2016-12-12,39.2,2016-02-24,+35.80%,2017-02-21
2017-03-21,CLJ17,"Crude Oil WTI April 2017 Futures",47.34,56.92,2017-01-03,40.97,2016-04-05,+4.50%,2017-03-21
2017-04-20,CLK17,"Crude Oil WTI May 2017 Futures",50.27,57.5,2017-01-03,44.33,2016-08-02,+6.37%,2017-04-20
2017-05-22,CLM17,"Crude Oil WTI June 2017 Futures",50.73,57.95,2017-01-03,43.76,2017-05-05,+0.38%,2017-05-22
2017-06-20,CLN17,"Crude Oil WTI July 2017 Futures",43.23,58.15,2017-01-03,42.75,2017-06-20,-17.66%,2017-06-20
2017-07-20,CLQ17,"Crude Oil WTI August 2017 Futures",46.79,58.3,2017-01-03,42.05,2017-06-21,-7.98%,2017-07-20
2017-08-22,CLU17,"Crude Oil WTI September 2017 Futures",47.64,58.36,2017-01-03,42.27,2017-06-21,-7.67%,2017-08-22
2017-09-20,CLV17,"Crude Oil WTI October 2017 Futures",50.41,58.34,2017-01-03,42.51,2017-06-21,+2.84%,2017-09-20
2017-10-20,CLX17,"Crude Oil WTI November 2017 Futures",51.47,58.37,2017-01-03,42.8,2017-06-21,-4.65%,2017-10-20
2017-11-20,CLZ17,"Crude Oil WTI December 2017 Futures",56.09,58.44,2017-01-03,43.08,2017-06-21,+10.85%,2017-11-20
2017-12-19,CLF18,"Crude Oil WTI January 2018 Futures",57.46,59.05,2017-11-24,43.36,2017-06-21,+3.20%,2017-12-19
2018-01-22,CLG18,"Crude Oil WTI February 2018 Futures",63.49,64.89,2018-01-16,43.76,2017-06-21,+13.15%,2018-01-22
2018-02-20,CLH18,"Crude Oil WTI March 2018 Futures",61.9,66.66,2018-01-25,43.87,2017-06-21,+12.98%,2018-02-20
2018-03-20,CLJ18,"Crude Oil WTI April 2018 Futures",63.4,66.39,2018-01-25,44.17,2017-06-21,+25.97%,2018-03-20
2018-04-20,CLK18,"Crude Oil WTI May 2018 Futures",68.38,69.56,2018-04-19,44.34,2017-06-21,+30.92%,2018-04-20
2018-05-22,CLM18,"Crude Oil WTI June 2018 Futures",72.13,72.83,2018-05-22,44.43,2017-06-21,+39.09%,2018-05-22
2018-06-20,CLN18,"Crude Oil WTI July 2018 Futures",66.22,72.9,2018-05-22,44.94,2017-06-22,+44.18%,2018-06-20
2018-07-20,CLQ18,"Crude Oil WTI August 2018 Futures",70.46,75.27,2018-07-03,47.31,2017-07-24,+45.16%,2018-07-20
2018-08-21,CLU18,"Crude Oil WTI September 2018 Futures",67.35,72.98,2018-07-10,48.19,2017-08-30,+39.76%,2018-08-21
2018-09-20,CLV18,"Crude Oil WTI October 2018 Futures",70.8,71.81,2018-09-20,50.06,2017-10-06,+37.77%,2018-09-20
2018-10-22,CLX18,"Crude Oil WTI November 2018 Futures",69.17,76.9,2018-10-03,51.27,2017-10-24,+33.95%,2018-10-22
2018-11-19,CLZ18,"Crude Oil WTI December 2018 Futures",56.76,76.72,2018-10-03,53.91,2017-11-20,+3.56%,2018-11-19
2018-12-19,CLF19,"Crude Oil WTI January 2019 Futures",47.2,76.56,2018-10-03,45.79,2018-12-18,-15.03%,2018-12-19
2019-01-22,CLG19,"Crude Oil WTI February 2019 Futures",52.57,76.4,2018-10-03,42.36,2018-12-24,-12.24%,2019-01-22
2019-02-20,CLH19,"Crude Oil WTI March 2019 Futures",56.92,76.29,2018-10-03,42.67,2018-12-24,-0.56%,2019-02-20
2019-03-20,CLJ19,"Crude Oil WTI April 2019 Futures",59.83,76.01,2018-10-03,43,2018-12-24,+2.13%,2019-03-20
2019-04-22,CLK19,"Crude Oil WTI May 2019 Futures",65.7,75.8,2018-10-03,43.46,2018-12-24,+5.20%,2019-04-22
2019-05-21,CLM19,"Crude Oil WTI June 2019 Futures",62.99,75.65,2018-10-03,43.8,2018-12-24,-5.79%,2019-05-21
2019-06-20,CLN19,"Crude Oil WTI July 2019 Futures",56.65,75.2,2018-10-03,44.2,2018-12-26,-8.50%,2019-06-20
2019-07-22,CLQ19,"Crude Oil WTI August 2019 Futures",56.22,74.86,2018-10-03,44.46,2018-12-24,-11.00%,2019-07-22
2019-08-20,CLU19,"Crude Oil WTI September 2019 Futures",56.34,74.44,2018-10-03,44.66,2018-12-26,-9.96%,2019-08-20
2019-09-20,CLV19,"Crude Oil WTI October 2019 Futures",58.09,74.04,2018-10-03,44.84,2018-12-26,-13.99%,2019-09-20
2019-10-22,CLX19,"Crude Oil WTI November 2019 Futures",54.16,67.81,2018-10-23,45.05,2018-12-24,-21.53%,2019-10-22
2019-11-20,CLZ19,"Crude Oil WTI December 2019 Futures",57.11,64.89,2019-04-25,45.14,2018-12-24,+5.52%,2019-11-20
2019-12-19,CLF20,"Crude Oil WTI January 2020 Futures",61.22,64.34,2019-04-23,45.44,2018-12-24,+20.73%,2019-12-19
2020-01-21,CLG20,"Crude Oil WTI February 2020 Futures",58.34,65.65,2020-01-08,50.24,2019-08-07,+5.50%,2020-01-21
2020-02-20,CLH20,"Crude Oil WTI March 2020 Futures",53.78,65.4,2020-01-08,49.31,2020-02-04,-8.62%,2020-02-20
2020-03-20,CLJ20,"Crude Oil WTI April 2020 Futures",22.43,64.99,2020-01-08,19.46,2020-03-20,-62.65%,2020-03-20
2020-04-21,CLK20,"Crude Oil WTI May 2020 Futures",10.01,64.39,2020-01-08,-40.32,2020-04-20,-83.70%,2020-04-21
2020-05-19,CLM20,"Crude Oil WTI June 2020 Futures",32.5,63.73,2020-01-08,6.5,2020-04-21,-45.98%,2020-05-19
2020-06-22,CLN20,"Crude Oil WTI July 2020 Futures",40.46,62.95,2020-01-08,17.27,2020-04-28,-26.88%,2020-06-22
2020-07-21,CLQ20,"Crude Oil WTI August 2020 Futures",41.96,62.21,2020-01-08,20.28,2020-04-22,-22.74%,2020-07-21
2020-08-20,CLU20,"Crude Oil WTI September 2020 Futures",42.58,61.44,2020-01-08,21.99,2020-04-22,-19.13%,2020-08-20
2020-09-22,CLV20,"Crude Oil WTI October 2020 Futures",39.6,60.75,2020-01-08,23.26,2020-04-22,-25.58%,2020-09-22
2020-10-20,CLX20,"Crude Oil WTI November 2020 Futures",41.46,60.02,2020-01-08,24.43,2020-04-22,-19.39%,2020-10-20
2020-11-20,CLZ20,"Crude Oil WTI December 2020 Futures",42.15,59.51,2020-01-08,25.31,2020-04-22,-21.29%,2020-11-20
2020-12-21,CLF21,"Crude Oil WTI January 2021 Futures",47.74,58.92,2020-01-08,26.22,2020-04-22,-14.49%,2020-12-21
2021-01-20,CLG21,"Crude Oil WTI February 2021 Futures",53.24,54.84,2020-01-21,27.22,2020-04-22,-2.62%,2021-01-20
2021-02-22,CLH21,"Crude Oil WTI March 2021 Futures",61.49,62.26,2021-02-18,27.66,2020-04-22,+17.55%,2021-02-22
2021-03-22,CLJ21,"Crude Oil WTI April 2021 Futures",61.55,67.98,2021-03-08,28.15,2020-04-22,+91.92%,2021-03-22
2021-04-20,CLK21,"Crude Oil WTI May 2021 Futures",62.44,67.79,2021-03-08,29,2020-04-22,+80.05%,2021-04-20
2021-05-20,CLM21,"Crude Oil WTI June 2021 Futures",62.05,67.29,2021-03-08,34.83,2020-05-22,+69.30%,2021-05-20
2021-06-22,CLN21,"Crude Oil WTI July 2021 Futures",73.06,73.96,2021-06-21,36.69,2020-11-02,+75.71%,2021-06-22
2021-07-20,CLQ21,"Crude Oil WTI August 2021 Futures",67.42,76.98,2021-07-06,37.08,2020-11-02,+58.56%,2021-07-20
2021-08-20,CLU21,"Crude Oil WTI September 2021 Futures",62.32,76.07,2021-07-06,37.29,2020-11-02,+37.88%,2021-08-20
2021-09-21,CLV21,"Crude Oil WTI October 2021 Futures",70.56,74.77,2021-07-06,37.5,2020-11-02,+66.81%,2021-09-21
2021-10-20,CLX21,"Crude Oil WTI November 2021 Futures",83.87,84.25,2021-10-20,37.77,2020-11-02,+92.94%,2021-10-20
2021-11-19,CLZ21,"Crude Oil WTI December 2021 Futures",76.1,85.41,2021-10-25,43.02,2020-11-20,+76.08%,2021-11-19
2021-12-20,CLF22,"Crude Oil WTI January 2022 Futures",68.23,83.83,2021-10-25,46.18,2020-12-21,+41.61%,2021-12-20
2022-01-20,CLG22,"Crude Oil WTI February 2022 Futures",86.9,87.92,2022-01-19,49.12,2021-01-27,+73.21%,2022-01-20
2022-02-22,CLH22,"Crude Oil WTI March 2022 Futures",92.35,96,2022-02-22,54.42,2021-03-02,+65.29%,2022-02-22
2022-03-22,CLJ22,"Crude Oil WTI April 2022 Futures",111.76,130.5,2022-03-07,54.09,2021-03-23,+96.00%,2022-03-22
2022-04-20,CLK22,"Crude Oil WTI May 2022 Futures",102.75,126.52,2022-03-07,57.09,2021-04-26,+77.00%,2022-04-20
2022-05-20,CLM22,"Crude Oil WTI June 2022 Futures",113.23,121.88,2022-03-07,57.83,2021-05-21,+94.42%,2022-05-20
2022-06-21,CLN22,"Crude Oil WTI July 2022 Futures",110.65,123.68,2022-06-14,58.94,2021-08-23,+69.73%,2022-06-21
2022-07-20,CLQ22,"Crude Oil WTI August 2022 Futures",102.26,120.88,2022-06-14,58.79,2021-08-20,+65.98%,2022-07-20
2022-08-22,CLU22,"Crude Oil WTI September 2022 Futures",90.23,118.08,2022-06-08,58.9,2021-08-23,+54.11%,2022-08-22
2022-09-20,CLV22,"Crude Oil WTI October 2022 Futures",84.45,115.44,2022-06-08,60.92,2021-12-02,+30.89%,2022-09-20
2022-10-20,CLX22,"Crude Oil WTI November 2022 Futures",85.98,112.98,2022-06-08,60.72,2021-12-02,+15.84%,2022-10-20
2022-11-21,CLZ22,"Crude Oil WTI December 2022 Futures",84.06,110.78,2022-06-08,60.2,2021-12-02,+16.61%,"10:05 CT"
2022-12-20,CLF23,"Crude Oil WTI January 2023 Futures",82.93,108.63,2022-06-09,60.23,2021-12-02,+16.18%,"10:05 CT"
2023-01-20,CLG23,"Crude Oil WTI February 2023 Futures",81.53,106.51,2022-06-08,60.05,2021-12-02,+15.42%,"10:05 CT"
2023-02-21,CLH23,"Crude Oil WTI March 2023 Futures",80.34,104.91,2022-06-08,60.07,2021-12-02,+14.65%,"10:05 CT"
2023-03-21,CLJ23,"Crude Oil WTI April 2023 Futures",79.28,103.21,2022-06-09,59.88,2021-12-02,+14.10%,"10:05 CT"
2023-04-20,CLK23,"Crude Oil WTI May 2023 Futures",78.38,101.66,2022-06-08,59.75,2021-12-02,+13.63%,"10:04 CT"
2023-05-22,CLM23,"Crude Oil WTI June 2023 Futures",77.59,100.5,2022-06-09,59.03,2021-12-02,+13.18%,"10:05 CT"
2023-06-20,CLN23,"Crude Oil WTI July 2023 Futures",77.17,99.1,2022-06-08,59.03,2021-12-02,+13.82%,"09:59 CT"
2023-07-20,CLQ23,"Crude Oil WTI August 2023 Futures",77.29,97.62,2022-06-09,59.26,2021-12-02,+14.22%,"08:59 CT"
2023-08-22,CLU23,"Crude Oil WTI September 2023 Futures",75.98,96.71,2022-06-14,58.69,2021-12-02,+12.95%,"09:59 CT"
2023-09-20,CLV23,"Crude Oil WTI October 2023 Futures",75.52,95.4,2022-06-09,58.98,2021-12-02,+13.71%,"09:48 CT"
2023-10-20,CLX23,"Crude Oil WTI November 2023 Futures",75.23,94.36,2022-06-14,58.89,2021-12-02,+13.37%,"09:28 CT"
2023-11-20,CLZ23,"Crude Oil WTI December 2023 Futures",74.3,93.92,2022-06-14,58.22,2021-12-02,+12.82%,"10:05 CT"
2023-12-19,CLF24,"Crude Oil WTI January 2024 Futures",74.34,92.31,2022-06-14,58.95,2021-11-30,+11.92%,2022-10-20
2024-01-22,CLG24,"Crude Oil WTI February 2024 Futures",73.89,91.24,2022-06-14,58.83,2021-11-30,+12.06%,2022-10-20
2024-02-20,CLH24,"Crude Oil WTI March 2024 Futures",73.47,90.61,2022-06-14,58.35,2021-12-02,+12.15%,2022-10-20
2024-03-20,CLJ24,"Crude Oil WTI April 2024 Futures",73.07,89.32,2022-06-14,58.55,2021-11-30,+12.24%,2022-10-20
2024-04-22,CLK24,"Crude Oil WTI May 2024 Futures",72.71,88.49,2022-06-14,58.51,2021-11-30,+12.36%,2022-10-20
2024-05-21,CLM24,"Crude Oil WTI June 2024 Futures",71.79,88.15,2022-06-14,57.86,2021-12-02,+12.90%,"10:01 CT"
2024-06-20,CLN24,"Crude Oil WTI July 2024 Futures",72,87.25,2022-06-14,58.49,2021-11-30,+12.57%,2022-10-20
2024-07-22,CLQ24,"Crude Oil WTI August 2024 Futures",71.65,85.98,2022-06-14,58.35,2021-11-30,+12.67%,2022-10-20
2024-08-20,CLU24,"Crude Oil WTI September 2024 Futures",71.33,85.51,2022-06-14,57.6,2021-12-02,+12.77%,2022-10-20
2024-09-20,CLV24,"Crude Oil WTI October 2024 Futures",71.03,84.36,2022-06-14,58.15,2021-11-30,+12.87%,2022-10-20
2024-10-22,CLX24,"Crude Oil WTI November 2024 Futures",70.77,83.65,2022-06-13,58.08,2021-11-30,+13.02%,2022-10-20
2024-11-20,CLZ24,"Crude Oil WTI December 2024 Futures",69.69,83.6,2022-06-14,57.35,2021-11-30,+12.91%,"10:05 CT"
2024-12-19,CLF25,"Crude Oil WTI January 2025 Futures",70.18,82.28,2022-06-13,57.85,2021-11-30,+13.18%,2022-10-20
2025-01-21,CLG25,"Crude Oil WTI February 2025 Futures",69.87,81.53,2022-06-13,57.74,2021-11-30,+13.26%,2022-10-20
2025-02-20,CLH25,"Crude Oil WTI March 2025 Futures",69.58,81.1,2022-06-14,57.65,2021-11-30,+13.30%,2022-10-20
2025-03-20,CLJ25,"Crude Oil WTI April 2025 Futures",69.31,80.17,2022-06-13,57.58,2021-11-30,+13.36%,2022-10-20
2025-04-22,CLK25,"Crude Oil WTI May 2025 Futures",69.08,79.52,2022-06-13,57.53,2021-11-30,+13.45%,2022-10-20
2025-05-20,CLM25,"Crude Oil WTI June 2025 Futures",68.86,79.33,2022-06-14,57,2021-11-30,+13.63%,2022-10-20
2025-06-20,CLN25,"Crude Oil WTI July 2025 Futures",68.59,78.48,2022-06-16,57.3,2021-11-30,+13.79%,2022-10-20
2025-07-22,CLQ25,"Crude Oil WTI August 2025 Futures",68.34,77.93,2022-06-16,57.26,2021-11-30,+13.62%,2022-10-20
2025-08-20,CLU25,"Crude Oil WTI September 2025 Futures",68.12,77.45,2022-06-16,57.21,2021-11-30,+13.53%,2022-10-20
2025-09-22,CLV25,"Crude Oil WTI October 2025 Futures",67.92,77,2022-06-16,57.17,2021-11-30,+13.79%,2022-10-20
2025-10-21,CLX25,"Crude Oil WTI November 2025 Futures",67.74,76.63,2022-06-16,57.15,2021-11-30,+13.79%,2022-10-20
2025-11-20,CLZ25,"Crude Oil WTI December 2025 Futures",67.25,76.49,2022-06-14,56.81,2021-12-01,+13.73%,"09:17 CT"
2025-12-19,CLF26,"Crude Oil WTI January 2026 Futures",67.29,75.72,2022-06-16,57.04,2021-11-30,+13.88%,2022-10-20
2026-01-20,CLG26,"Crude Oil WTI February 2026 Futures",67.04,75.18,2022-06-16,56.93,2021-11-30,+13.65%,2022-10-20
2026-02-20,CLH26,"Crude Oil WTI March 2026 Futures",66.81,74.74,2022-06-16,56.85,2021-11-30,+13.70%,2022-10-20
2026-03-20,CLJ26,"Crude Oil WTI April 2026 Futures",66.6,74.33,2022-06-16,56.79,2021-11-30,+13.71%,2022-10-20
2026-04-21,CLK26,"Crude Oil WTI May 2026 Futures",66.41,73.95,2022-06-16,56.76,2021-11-30,+13.64%,2022-10-20
2026-05-19,CLM26,"Crude Oil WTI June 2026 Futures",66.24,73.6,2022-06-16,56.74,2021-11-30,+13.70%,2022-10-20
2026-06-22,CLN26,"Crude Oil WTI July 2026 Futures",66.04,73.2,2022-06-16,56.67,2021-11-30,+13.76%,2022-10-20
2026-07-21,CLQ26,"Crude Oil WTI August 2026 Futures",65.8,72.87,2022-06-16,56.58,2021-11-30,+13.41%,2022-10-20
2026-08-20,CLU26,"Crude Oil WTI September 2026 Futures",65.68,72.56,2022-06-16,56.55,2021-11-30,+13.48%,2022-10-20
2026-09-22,CLV26,"Crude Oil WTI October 2026 Futures",65.58,72.32,2022-04-04,56.55,2021-11-30,+13.52%,2022-10-20
2026-10-20,CLX26,"Crude Oil WTI November 2026 Futures",65.38,72.07,2022-04-04,56.58,2021-11-30,+13.41%,2022-10-20
2026-11-20,CLZ26,"Crude Oil WTI December 2026 Futures",65.09,72,2022-06-28,56.58,2021-11-30,+13.14%,"08:57 CT"
2026-12-21,CLF27,"Crude Oil WTI January 2027 Futures",65.02,71.67,2022-04-01,56.52,2021-11-30,+13.18%,2022-10-20
2027-01-20,CLG27,"Crude Oil WTI February 2027 Futures",64.73,71.57,2022-04-01,56.38,2021-11-30,+12.85%,2022-10-20
2027-02-22,CLH27,"Crude Oil WTI March 2027 Futures",64.52,71.36,2022-04-01,56.29,2021-11-30,+12.60%,2022-10-20
2027-03-22,CLJ27,"Crude Oil WTI April 2027 Futures",64.35,71.16,2022-04-01,56.23,2021-11-30,+12.48%,2022-10-20
2027-04-20,CLK27,"Crude Oil WTI May 2027 Futures",64.18,71.06,2022-04-01,56.23,2021-11-30,+12.30%,2022-10-20
2027-05-20,CLM27,"Crude Oil WTI June 2027 Futures",64.01,70.97,2022-04-01,56.22,2021-11-30,+12.12%,2022-10-20
2027-06-22,CLN27,"Crude Oil WTI July 2027 Futures",63.81,70.86,2022-04-01,56.17,2021-11-30,+11.89%,2022-10-20
2027-07-20,CLQ27,"Crude Oil WTI August 2027 Futures",63.61,70.73,2022-04-01,56.08,2021-11-30,+11.58%,2022-10-20
2027-08-20,CLU27,"Crude Oil WTI September 2027 Futures",63.45,70.65,2022-04-01,56.04,2021-11-30,+11.28%,2022-10-20
2027-09-21,CLV27,"Crude Oil WTI October 2027 Futures",63.33,70.6,2022-04-01,56.03,2021-11-30,+11.20%,2022-10-20
2027-10-20,CLX27,"Crude Oil WTI November 2027 Futures",63.22,70.44,2022-04-01,56.05,2021-11-30,+11.13%,2022-10-20
2027-11-19,CLZ27,"Crude Oil WTI December 2027 Futures",63.13,70.7,2022-02-24,56.08,2021-11-30,+11.09%,2022-10-20
2027-12-20,CLF28,"Crude Oil WTI January 2028 Futures",62.94,70.13,2022-04-01,56.03,2021-11-30,+10.89%,2022-10-20
2028-01-20,CLG28,"Crude Oil WTI February 2028 Futures",62.64,70.12,2022-04-01,56.05,2021-11-30,+10.26%,2022-10-20
2028-02-22,CLH28,"Crude Oil WTI March 2028 Futures",62.41,70.03,2022-04-01,56,2021-11-30,+9.88%,2022-10-20
2028-03-21,CLJ28,"Crude Oil WTI April 2028 Futures",62.29,69.99,2022-04-01,56.03,2021-11-30,+9.61%,2022-10-20
2028-04-20,CLK28,"Crude Oil WTI May 2028 Futures",62.12,69.92,2022-04-01,56.01,2021-11-30,+9.29%,2022-10-20
2028-05-22,CLM28,"Crude Oil WTI June 2028 Futures",62.02,69.74,2022-04-01,55.97,2021-11-30,+9.13%,2022-10-20
2028-06-20,CLN28,"Crude Oil WTI July 2028 Futures",61.94,69.76,2022-04-01,56.04,2021-11-30,+8.84%,2022-10-20
2028-07-20,CLQ28,"Crude Oil WTI August 2028 Futures",61.78,69.74,2022-04-01,56.03,2021-11-30,+8.52%,2022-10-20
2028-08-22,CLU28,"Crude Oil WTI September 2028 Futures",61.66,69.7,2022-04-01,55.99,2021-11-30,+8.31%,2022-10-20
2028-09-20,CLV28,"Crude Oil WTI October 2028 Futures",61.49,69.64,2022-04-01,55.99,2021-11-30,+7.95%,2022-10-20
2028-10-20,CLX28,"Crude Oil WTI November 2028 Futures",61.34,69.6,2022-04-01,55.98,2021-11-30,+7.67%,2022-10-20
2028-11-20,CLZ28,"Crude Oil WTI December 2028 Futures",61.21,70,2022-02-24,55.9,2022-09-30,+7.48%,2022-10-20
2028-12-19,CLF29,"Crude Oil WTI January 2029 Futures",61.02,69.42,2022-04-01,55.78,2022-09-23,+6.98%,2022-10-20
2029-01-22,CLG29,"Crude Oil WTI February 2029 Futures",60.87,69.4,2022-04-01,55.6,2022-09-23,+6.70%,2022-10-20
2029-02-20,CLH29,"Crude Oil WTI March 2029 Futures",60.69,69.43,2022-04-01,55.42,2022-09-23,+6.27%,2022-10-20
2029-03-20,CLJ29,"Crude Oil WTI April 2029 Futures",60.47,69.45,2022-04-01,55.24,2022-09-23,+5.81%,2022-10-20
2029-04-20,CLK29,"Crude Oil WTI May 2029 Futures",60.31,69.44,2022-04-01,55.05,2022-09-23,+5.46%,2022-10-20
2029-05-22,CLM29,"Crude Oil WTI June 2029 Futures",60.11,69.31,2022-04-01,54.86,2022-09-23,+5.22%,2022-10-20
2029-06-20,CLN29,"Crude Oil WTI July 2029 Futures",59.95,69.28,2022-04-01,54.71,2022-09-23,+4.84%,2022-10-20
2029-07-20,CLQ29,"Crude Oil WTI August 2029 Futures",59.84,69.3,2022-04-01,54.56,2022-09-23,+4.62%,2022-10-20
2029-08-21,CLU29,"Crude Oil WTI September 2029 Futures",59.68,69.31,2022-04-01,54.39,2022-09-23,+4.30%,2022-10-20
2029-09-20,CLV29,"Crude Oil WTI October 2029 Futures",59.51,69.31,2022-04-01,54.24,2022-09-23,+3.97%,2022-10-20
2029-10-22,CLX29,"Crude Oil WTI November 2029 Futures",59.4,69.3,2022-04-01,54.1,2022-09-23,+3.76%,2022-10-20
2029-11-19,CLZ29,"Crude Oil WTI December 2029 Futures",59.26,69.33,2022-04-01,53.96,2022-09-23,+3.51%,2022-10-20
2029-12-19,CLF30,"Crude Oil WTI January 2030 Futures",59.09,69.36,2022-04-01,53.79,2022-09-23,+3.09%,2022-10-20
2030-01-22,CLG30,"Crude Oil WTI February 2030 Futures",58.93,69.38,2022-04-01,53.63,2022-09-23,+2.72%,2022-10-20
2030-02-20,CLH30,"Crude Oil WTI March 2030 Futures",58.8,69.37,2022-04-01,53.49,2022-09-30,+2.46%,2022-10-20
2030-03-20,CLJ30,"Crude Oil WTI April 2030 Futures",58.63,69.36,2022-04-01,53.3,2022-09-30,+2.13%,2022-10-20
2030-04-22,CLK30,"Crude Oil WTI May 2030 Futures",58.49,69.35,2022-04-01,53.13,2022-09-30,+1.85%,2022-10-20
2030-05-21,CLM30,"Crude Oil WTI June 2030 Futures",58.36,69.35,2022-04-01,52.96,2022-09-30,+1.55%,2022-10-20
2030-06-20,CLN30,"Crude Oil WTI July 2030 Futures",58.23,69.39,2022-04-01,52.8,2022-09-30,+1.29%,2022-10-20
2030-07-22,CLQ30,"Crude Oil WTI August 2030 Futures",58.11,69.43,2022-04-01,52.65,2022-09-30,+1.03%,2022-10-20
2030-08-20,CLU30,"Crude Oil WTI September 2030 Futures",57.99,69.45,2022-04-01,52.5,2022-09-30,+0.80%,2022-10-20
2030-09-20,CLV30,"Crude Oil WTI October 2030 Futures",57.87,69.47,2022-04-01,52.35,2022-09-30,+0.57%,2022-10-20
2030-10-22,CLX30,"Crude Oil WTI November 2030 Futures",57.74,69.48,2022-04-01,52.2,2022-09-30,+0.33%,2022-10-20
2030-11-20,CLZ30,"Crude Oil WTI December 2030 Futures",57.57,69.48,2022-04-01,52.04,2022-09-30,+0.03%,2022-10-20
2030-12-19,CLF31,"Crude Oil WTI January 2031 Futures",57.53,69.56,2022-04-01,51.91,2022-09-30,-0.17%,2022-10-20
2031-01-21,CLG31,"Crude Oil WTI February 2031 Futures",57.41,69.64,2022-04-01,51.77,2022-09-30,-0.52%,2022-10-20
2031-02-20,CLH31,"Crude Oil WTI March 2031 Futures",57.3,69.7,2022-04-01,51.64,2022-09-30,-0.81%,2022-10-20
2031-03-20,CLJ31,"Crude Oil WTI April 2031 Futures",57.18,69.73,2022-04-01,51.51,2022-09-30,-1.07%,2022-10-20
2031-04-22,CLK31,"Crude Oil WTI May 2031 Futures",57.08,69.73,2022-04-01,51.39,2022-09-30,-1.25%,2022-10-20
2031-05-20,CLM31,"Crude Oil WTI June 2031 Futures",56.96,69.68,2022-04-01,51.25,2022-09-30,-1.37%,2022-10-20
2031-06-20,CLN31,"Crude Oil WTI July 2031 Futures",56.85,69.69,2022-04-01,51.14,2022-09-30,-1.58%,2022-10-20
2031-07-22,CLQ31,"Crude Oil WTI August 2031 Futures",56.74,69.67,2022-04-01,51.03,2022-09-30,-1.73%,2022-10-20
2031-08-20,CLU31,"Crude Oil WTI September 2031 Futures",56.62,69.69,2022-04-01,50.91,2022-09-30,-1.97%,2022-10-20
2031-09-22,CLV31,"Crude Oil WTI October 2031 Futures",56.51,69.74,2022-04-01,50.8,2022-09-30,-2.25%,2022-10-20
2031-10-21,CLX31,"Crude Oil WTI November 2031 Futures",56.4,69.83,2022-04-01,50.69,2022-09-30,-2.59%,2022-10-20
2031-11-20,CLZ31,"Crude Oil WTI December 2031 Futures",56.28,69.78,2022-04-01,50.57,2022-09-30,-2.71%,2022-10-20
2031-12-19,CLF32,"Crude Oil WTI January 2032 Futures",56.21,69.9,2022-04-01,50.5,2022-09-30,-3.04%,2022-10-20
2032-01-20,CLG32,"Crude Oil WTI February 2032 Futures",56.15,70.07,2022-04-01,50.44,2022-09-30,-3.42%,2022-10-20
2032-02-20,CLH32,"Crude Oil WTI March 2032 Futures",56.09,70.13,2022-04-01,50.38,2022-09-30,-4.96%,2022-10-20
2032-03-22,CLJ32,"Crude Oil WTI April 2032 Futures",56.04,70.16,2022-04-01,50.33,2022-09-30,-5.10%,2022-10-20
2032-04-20,CLK32,"Crude Oil WTI May 2032 Futures",55.97,70.16,2022-04-01,50.26,2022-09-30,-5.22%,2022-10-20
2032-05-20,CLM32,"Crude Oil WTI June 2032 Futures",55.89,70.11,2022-04-01,50.18,2022-09-30,-5.27%,2022-10-20
2032-06-22,CLN32,"Crude Oil WTI July 2032 Futures",55.79,70.12,2022-04-01,50.08,2022-09-30,-5.46%,2022-10-20
2032-07-20,CLQ32,"Crude Oil WTI August 2032 Futures",55.7,70.1,2022-04-01,49.99,2022-09-30,-5.58%,2022-10-20
2032-08-20,CLU32,"Crude Oil WTI September 2032 Futures",55.59,70.12,2022-04-01,49.88,2022-09-30,-5.80%,2022-10-20
2032-09-21,CLV32,"Crude Oil WTI October 2032 Futures",55.5,70.17,2022-04-01,49.79,2022-09-30,-6.03%,2022-10-20
2032-10-20,CLX32,"Crude Oil WTI November 2032 Futures",55.4,70.26,2022-04-01,49.69,2022-09-30,-6.34%,2022-10-20
2032-11-19,CLZ32,"Crude Oil WTI December 2032 Futures",84.17,85.88,2022-10-21,49.6,2022-09-30,+42.42%,"09:44 CT"
2032-12-20,CLF33,"Crude Oil WTI January 2033 Futures",55.24,84.61,2022-10-21,49.53,2022-09-30,+40.29%,2022-10-20
2033-01-20,CLG33,"Crude Oil WTI February 2033 Futures",55.18,83.21,2022-10-21,49.47,2022-09-30,+37.75%,2022-10-20
"Downloaded from Barchart.com as of 10-21-2022 10:15am CDT"
